as,probe_count
3320,361
7922,334
2860,305
3209,274
3215,243
12322,217
7018,135
701,115
33915,110
6830,110
5089,91
15557,82
8881,77
47583,72
1136,68
3265,68
3269,64
5410,62
2856,55
209,53
6805,53
13030,52
6848,52
12389,52
3352,51
13037,51
4764,51
20115,45
16019,42
20712,41
5432,41
3303,41
2119,38
577,37
58224,35
22773,35
6871,34
3301,34
553,34
3292,33
8473,33
3243,33
680,32
6799,32
206238,31
719,31
35540,31
20001,30
5650,30
852,30
7545,29
29695,28
8447,28
12874,28
8422,28
812,28
16509,27
5607,26
9145,24
20473,24
10796,24
1267,24
16086,23
5645,23
11351,23
12479,23
786,22
25596,22
62538,22
8767,21
8708,21
15169,21
16276,21
42610,20
33363,19
60294,19
8402,19
24940,19
199524,19
14061,19
46375,18
9031,18
2527,18
30722,18
31898,18
199284,18
3329,17
12392,17
25513,17
2516,17
24560,16
16591,16
28573,16
12353,15
5617,15
6327,15
6128,15
5378,15
35612,15
15943,15
9198,15
4788,15
50266,15
15435,15
37002,15
1759,14
6057,14
38195,14
35807,14
11427,14
12083,14
4713,14
29355,14
41164,13
5466,13
8359,13
8758,13
8220,13
12714,13
15895,13
15133,13
3491,13
1241,13
9829,13
31042,12
2200,12
34779,12
13036,12
5769,12
4773,12
48503,12
56478,12
29518,12
43754,12
20845,11
1853,11
1103,11
4771,11
27017,11
15962,11
39608,11
1403,11
15600,11
8866,11
8339,11
5483,11
24904,11
6730,11
40788,11
25255,11
63473,11
133481,10
1221,10
61157,10
8764,10
8228,10
55391,10
6697,10
12876,10
42652,10
8251,10
11426,10
18106,10
8612,10
378,9
44869,9
2852,9
27699,9
174,9
4804,9
559,9
6661,9
31246,9
3326,9
36236,9
15802,9
6079,9
4766,9
39651,9
4739,8
13045,8
13188,8
12312,8
2514,8
60876,8
15038,8
5610,8
21283,8
28685,8
204151,8
42473,8
59105,8
30036,8
17676,8
55836,8
15366,8
35492,7
1653,7
1764,7
30781,7
47331,7
137,7
3741,7
9790,7
8334,7
28725,7
6855,7
8437,7
47377,7
5588,7
8551,7
25229,7
21263,7
12578,7
31200,7
3249,7
24921,7
199610,7
12414,7
12008,7
15502,7
13285,7
29314,7
56030,7
19108,7
57370,7
15796,7
201701,7
23655,7
8365,7
6752,7
30764,7
12709,7
4134,7
15457,7
36352,7
8820,6
2497,6
8426,6
5603,6
8412,6
1955,6
55430,6
12668,6
2110,6
2914,6
3216,6
12897,6
1836,6
20676,6
44489,6
41733,6
25472,6
7029,6
8788,6
8400,6
9158,6
2108,6
202196,6
55002,6
57695,6
197540,6
2107,6
137409,6
12496,6
12611,6
1273,6
8492,6
11260,6
4685,6
4760,6
6939,6
51873,6
39544,6
15547,6
24961,6
15704,6
8386,6
42580,6
7418,5
50629,5
12859,5
328453,5
2116,5
45011,5
2611,5
13101,5
20880,5
9500,5
25512,5
2614,5
198930,5
51184,5
42313,5
29208,5
17506,5
30784,5
224,5
35244,5
12741,5
12271,5
11404,5
49100,5
47787,5
60781,5
49505,5
43557,5
1741,5
8468,5
3462,5
9105,5
42541,5
43708,5
32329,5
31122,5
7303,5
8151,5
8362,5
1901,5
34984,5
8369,5
25019,5
19165,5
24309,5
12735,5
47524,5
24186,5
198471,5
49472,5
12605,5
29014,5
34757,5
51167,5
25184,5
41620,5
135262,5
5078,5
39029,4
8331,4
8346,4
2602,4
203953,4
3605,4
15954,4
16353,4
49800,4
21021,4
42306,4
10242,4
3213,4
34347,4
56329,4
34612,4
34602,4
7642,4
3245,4
12963,4
9009,4
31214,4
1680,4
28792,4
8522,4
12400,4
20764,4
855,4
60036,4
206067,4
37680,4
43966,4
11232,4
15516,4
8717,4
13127,4
43996,4
14907,4
1133,4
21412,4
8560,4
203296,4
42689,4
16347,4
58057,4
202422,4
9136,4
6659,4
62513,4
31655,4
63949,4
1213,4
8661,4
4922,4
44395,4
22047,4
50673,4
13319,4
31027,4
6400,4
41090,4
39647,4
11845,4
36914,4
13046,4
9534,4
9930,4
56300,4
37611,4
9269,4
6360,4
13189,4
29580,4
2518,4
37199,4
206065,4
44244,4
208574,4
15964,4
10620,4
40980,4
21928,4
38229,4
2552,4
35328,4
14754,4
8821,4
49808,4
1257,4
35805,4
18403,4
8445,4
12430,4
17451,4
9824,4
3221,4
9116,4
133982,4
57199,4
21309,4
17511,4
41998,4
28812,4
27882,4
33182,4
203817,4
8559,4
43341,4
9063,4
64475,4
21351,4
39308,4
134697,4
9121,4
197451,4
202468,4
137153,4
40676,4
60631,4
12333,3
3257,3
12929,3
201333,3
51815,3
50620,3
35432,3
14988,3
34814,3
29632,3
20912,3
25192,3
1930,3
203488,3
39642,3
9044,3
50877,3
49342,3
21175,3
9304,3
4802,3
39923,3
5413,3
25441,3
8399,3
202329,3
3212,3
29252,3
12757,3
15401,3
10143,3
8319,3
9050,3
9125,3
34056,3
51728,3
47232,3
43939,3
62099,3
12779,3
15987,3
9211,3
2018,3
8047,3
44134,3
50448,3
48293,3
41275,3
25106,3
39927,3
766,3
20686,3
35125,3
21334,3
39702,3
16342,3
2586,3
9070,3
43561,3
8632,3
34867,3
198385,3
3130,3
3333,3
6724,3
20766,3
13041,3
39138,3
8670,3
21473,3
5539,3
34549,3
61174,3
48854,3
48362,3
34605,3
201126,3
31034,3
41495,3
15817,3
201971,3
15763,3
31272,3
1140,3
41095,3
44050,3
5006,3
34927,3
5408,3
42184,3
4608,3
34087,3
212567,3
60924,3
16125,3
57571,3
21453,3
24691,3
41843,3
20057,3
13977,3
17705,3
6503,3
44604,3
32881,3
3255,3
7992,3
9506,3
9443,3
328137,3
13110,3
37457,3
203520,3
43709,3
36692,3
16302,3
56911,3
37100,3
24757,3
36874,3
13092,3
13193,3
4844,3
50869,3
50543,3
2510,3
12576,3
37705,3
3246,3
207176,3
35141,3
28972,3
29396,3
49931,3
6908,3
48166,3
29321,3
20545,3
21413,3
33871,3
35613,3
32437,3
9008,3
200043,3
23889,3
37468,3
34790,3
41668,3
12350,3
33588,3
51395,3
21183,3
55850,3
37090,3
47132,3
13156,3
49420,3
13237,3
51207,3
7679,3
2907,3
8823,3
56665,3
22394,3
200736,3
49828,3
50316,3
49902,3
12772,3
39912,3
25447,3
35007,3
327687,3
4181,3
9471,3
42668,3
38987,3
23523,3
25180,3
57269,3
42682,3
41676,3
42560,3
7713,3
12222,3
18209,3
15974,3
47692,3
8615,3
17488,3
28840,3
38182,3
13489,3
200350,3
40994,3
210025,3
199422,2
41682,2
206509,2
2607,2
12637,2
3233,2
1909,2
8916,2
9498,2
33980,2
8763,2
15743,2
8218,2
4538,2
29075,2
51088,2
13306,2
56639,2
51944,2
6893,2
31510,2
3327,2
8728,2
2259,2
1835,2
41000,2
12360,2
210218,2
31712,2
25376,2
44257,2
2588,2
134773,2
6058,2
27831,2
48161,2
21246,2
20926,2
39392,2
8859,2
48284,2
33988,2
197529,2
15626,2
33920,2
12731,2
41872,2
12480,2
31250,2
44066,2
35158,2
48438,2
15716,2
43751,2
51871,2
12337,2
35518,2
19255,2
33885,2
43571,2
206420,2
48685,2
39910,2
43289,2
12303,2
50469,2
24823,2
59715,2
8462,2
39686,2
29134,2
8685,2
41364,2
3323,2
50473,2
42409,2
24651,2
56910,2
31514,2
202164,2
50668,2
12849,2
13032,2
24971,2
49889,2
196819,2
60590,2
2818,2
28854,2
35258,2
8953,2
11664,2
12767,2
31148,2
34687,2
13004,2
1101,2
39122,2
10474,2
28000,2
21282,2
8676,2
198068,2
20647,2
28753,2
41494,2
24725,2
12676,2
34106,2
327844,2
42961,2
39405,2
286,2
199993,2
57963,2
23752,2
38001,2
61138,2
48943,2
62416,2
10745,2
2716,2
39351,2
61438,2
23719,2
39878,2
29169,2
43350,2
58431,2
52039,2
17054,2
22894,2
31287,2
203201,2
22548,2
41018,2
48276,2
48112,2
20150,2
41405,2
34878,2
35574,2
61468,2
204092,2
196745,2
8893,2
16010,2
24586,2
206610,2
2613,2
200675,2
197288,2
200129,2
35277,2
51225,2
39650,2
47794,2
60798,2
31673,2
61506,2
9146,2
20904,2
24482,2
50392,2
133800,2
203020,2
210036,2
51468,2
39180,2
9147,2
34019,2
209097,2
56457,2
42669,2
58299,2
29555,2
199399,2
29670,2
62371,2
197564,2
49404,2
35061,2
53356,2
20965,2
208725,2
56740,2
135132,2
131657,2
141371,2
140627,2
239,2
38880,2
42905,2
199938,2
28785,2
199181,2
206548,2
34594,2
35567,2
35699,2
36351,2
39605,2
15744,2
56622,2
15774,2
49223,2
12990,2
13009,2
7514,2
1205,2
2500,2
13178,2
21127,2
12768,2
12555,2
29504,2
28917,2
35352,2
9367,2
47116,2
30892,2
59689,2
34362,2
44084,2
60351,2
24398,2
42841,2
31012,2
45267,2
134220,2
15497,2
35362,2
24641,2
35320,2
14080,2
6867,2
6471,2
6147,2
11776,2
30889,2
198726,2
48926,2
6181,2
133579,2
29119,2
7122,2
30844,2
12556,2
42235,2
8816,2
3,2
55392,2
43915,2
15576,2
15372,2
8285,2
43065,2
13194,2
37054,2
198967,2
33788,2
31242,2
37406,2
42908,2
199964,2
41722,2
34695,2
25310,2
39587,2
12620,2
21299,2
61958,2
206774,2
35266,2
16814,2
201011,2
3208,2
15614,2
202657,2
26615,2
43205,2
7575,2
17552,2
42518,2
198722,2
56534,2
25248,2
206701,2
34245,2
56040,2
12252,2
35378,2
12110,2
8315,2
25431,2
201860,2
44507,2
59504,2
60111,2
61102,2
63927,2
37187,2
51265,2
204467,2
24889,2
49711,2
51978,2
197019,2
44124,2
21232,2
39087,2
49037,2
17072,2
47236,2
12912,2
34762,2
20750,2
12695,2
15544,2
11830,2
58328,2
56933,2
23951,2
62365,2
198864,2
34372,2
15589,2
35444,2
54858,2
42442,2
61094,2
197301,2
37153,2
6821,2
50825,2
38635,2
17456,2
15623,2
41242,2
9208,2
4434,2
34569,2
28109,2
34385,2
13000,2
12824,2
200519,2
33984,2
15344,2
198612,2
201290,2
31115,2
57033,2
395089,2
51561,2
47447,2
9430,2
50226,2
47956,2
4,2
49436,2
12426,2
35661,2
197078,2
197204,2
35819,2
44034,2
12793,2
59128,2
45629,2
33083,2
6739,2
43016,2
16322,2
29222,2
14117,2
14813,2
42615,2
3399,2
31736,2
25424,2
28885,2
6772,2
31543,2
141253,2
41955,2
6568,2
59573,2
16117,2
42337,2
51570,2
197422,2
44914,2
48252,2
10010,2
15440,2
37640,2
11525,2
15108,2
17465,2
27668,2
8937,2
27828,2
44735,2
44285,2
40981,2
134042,2
44923,2
11114,2
28548,2
35539,2
33796,2
45638,2
44365,2
205790,2
24739,2
200924,2
22884,2
396503,2
17639,2
395853,2
204957,2
4755,2
44024,2
44512,2
42695,2
9318,2
42298,2
17306,2
4589,2
43727,2
18126,2
26793,2
44377,2
12941,2
8905,2
6735,2
55805,2
134090,2
61189,2
136972,2
41937,2
207375,2
17962,2
2519,2
5631,2
9735,2
35710,2
50716,2
57353,2
60350,2
45194,2
40029,2
679,2
8648,2
209465,2
201776,2
34093,2
6876,2
12975,2
34643,2
8029,2
25490,2
7506,2
396969,2
201825,2
209045,2
8330,2
56017,2
7155,2
133752,2
55933,2
45090,2
26347,2
39399,2
45899,2
55960,2
135629,2
21859,2
13830,2
56876,2
58212,2
213151,2
206228,2
134521,2
20857,2
17439,2
48282,2
201281,2
7472,2
133159,2
34553,2
56498,2
37989,2
8075,2
134285,2
54825,2
36492,2
29182,2
60432,1
20815,1
29492,1
20621,1
681,1
3238,1
29067,1
6881,1
24638,1
42548,1
34244,1
12931,1
15598,1
45345,1
44678,1
49909,1
7377,1
39837,1
59617,1
2850,1
5538,1
29449,1
42289,1
24935,1
51155,1
24851,1
15782,1
12628,1
2609,1
204279,1
28905,1
56791,1
44303,1
34688,1
15605,1
24689,1
56472,1
35401,1
196687,1
25534,1
6067,1
42514,1
42431,1
35761,1
35731,1
35100,1
5479,1
21466,1
62418,1
34554,1
29278,1
42760,1
20900,1
39935,1
196616,1
42009,1
25538,1
12816,1
24806,1
205311,1
8879,1
30851,1
204652,1
199071,1
43081,1
41075,1
44097,1
39857,1
60582,1
34944,1
45935,1
45942,1
16881,1
27,1
33080,1
8793,1
20875,1
34225,1
5524,1
50710,1
35832,1
34354,1
51483,1
50446,1
52088,1
48417,1
48173,1
51458,1
35754,1
20694,1
39756,1
57752,1
20794,1
41710,1
62353,1
31424,1
196948,1
31708,1
12579,1
15879,1
44141,1
199298,1
196922,1
3308,1
15844,1
1820,1
5567,1
20488,1
56420,1
135887,1
31078,1
34911,1
43942,1
34442,1
39310,1
49272,1
39422,1
49974,1
44217,1
206472,1
25145,1
43321,1
31705,1
48089,1
20555,1
57929,1
12597,1
201366,1
31493,1
14949,1
60706,1
44549,1
35559,1
12586,1
48111,1
29084,1
44544,1
34119,1
52092,1
16316,1
57288,1
262149,1
12361,1
29596,1
8779,1
28773,1
41678,1
49770,1
198977,1
21430,1
5384,1
26785,1
42781,1
57069,1
14291,1
6829,1
41135,1
12778,1
198869,1
48972,1
199087,1
8240,1
198818,1
15659,1
24603,1
50957,1
202288,1
11815,1
5692,1
19397,1
7782,1
59861,1
44712,1
50343,1
59472,1
29125,1
15815,1
202872,1
17934,1
208712,1
41554,1
28104,1
200953,1
60771,1
8301,1
28738,1
15886,1
206845,1
29069,1
49063,1
206066,1
39153,1
41096,1
49120,1
60840,1
41132,1
197480,1
50685,1
198847,1
35734,1
15488,1
32653,1
12455,1
327813,1
49567,1
1547,1
203623,1
44637,1
48683,1
25133,1
39435,1
37074,1
35714,1
198971,1
38919,1
39931,1
23242,1
60893,1
44941,1
8427,1
17356,1
42038,1
5467,1
51792,1
56550,1
41695,1
29527,1
16333,1
49337,1
10838,1
61275,1
56837,1
62383,1
48146,1
44156,1
50901,1
197750,1
30823,1
14051,1
57214,1
199600,1
198570,1
199389,1
48416,1
34574,1
9785,1
47513,1
198672,1
44539,1
62360,1
9067,1
59494,1
48957,1
262197,1
51018,1
8726,1
38158,1
3244,1
47420,1
3927,1
4128,1
29076,1
197317,1
8839,1
25509,1
1120,1
513,1
8674,1
50168,1
198260,1
8781,1
16004,1
53824,1
30798,1
40528,1
7590,1
16876,1
5404,1
56055,1
263779,1
60574,1
37668,1
37474,1
37663,1
3274,1
4508,1
42953,1
52048,1
2128,1
7712,1
35733,1
34587,1
2495,1
9092,1
26167,1
135150,1
24796,1
25291,1
6667,1
5377,1
49784,1
34288,1
206549,1
199150,1
13331,1
5379,1
1307,1
37577,1
200567,1
39815,1
15826,1
203329,1
198985,1
50170,1
206186,1
25406,1
47764,1
2857,1
62113,1
203993,1
199159,1
37386,1
328014,1
265721,1
32097,1
196670,1
201958,1
30997,1
36444,1
20612,1
52336,1
264811,1
39534,1
393755,1
395766,1
49697,1
50178,1
59795,1
9268,1
32425,1
48292,1
50999,1
206479,1
51859,1
205614,1
60396,1
35065,1
14618,1
13925,1
64112,1
21699,1
8391,1
48821,1
62000,1
133802,1
206291,1
32,1
29114,1
50287,1
200462,1
209915,1
49673,1
206484,1
42207,1
198018,1
264605,1
202297,1
12374,1
27678,1
25220,1
199188,1
205678,1
63056,1
40809,1
45170,1
60316,1
63834,1
48715,1
10886,1
48147,1
57734,1
207141,1
42263,1
197357,1
3450,1
45014,1
30999,1
24722,1
327947,1
12773,1
39533,1
58067,1
21659,1
264608,1
42093,1
263777,1
266858,1
209523,1
20596,1
39384,1
31798,1
39617,1
11193,1
39790,1
21013,1
39069,1
57497,1
24173,1
56611,1
51349,1
45204,1
21700,1
8308,1
8985,1
1850,1
207934,1
62310,1
41327,1
5602,1
138466,1
27781,1
208800,1
54632,1
394256,1
61135,1
7828,1
58717,1
44531,1
44973,1
46997,1
19528,1
138398,1
16409,1
56357,1
202040,1
204671,1
207306,1
197712,1
12812,1
9038,1
12989,1
42699,1
1111,1
2486,1
208590,1
30475,1
209456,1
204708,1
198228,1
208585,1
139949,1
41009,1
52130,1
6597,1
208751,1
212882,1
57119,1
207788,1
213392,1
15693,1
46309,1
43317,1
11488,1
50012,1
41798,1
37578,1
19969,1
395152,1
271354,1
198127,1
205493,1
398960,1
10961,1
48328,1
271885,1
398355,1
38064,1
59238,1
198249,1
49624,1
204880,1
203476,1
39835,1
48386,1
1200,1
207423,1
396507,1
57578,1
36198,1
12186,1
207841,1
212972,1
398447,1
11039,1
17920,1
29152,1
55569,1
204786,1
13246,1
15798,1
196890,1
18199,1
15556,1
15669,1
199128,1
52188,1
21503,1
52063,1
34661,1
37084,1
48659,1
50288,1
33991,1
8489,1
15301,1
30640,1
7438,1
397377,1
5739,1
12276,1
33361,1
46609,1
11272,1
202940,1
39093,1
15806,1
51319,1
47913,1
43733,1
29124,1
237,1
13287,1
29032,1
6373,1
198653,1
35368,1
197075,1
199289,1
49125,1
16066,1
10075,1
557,1
35000,1
57142,1
41727,1
42126,1
48848,1
34102,1
25515,1
51515,1
34524,1
15493,1
12991,1
760,1
199339,1
31349,1
28748,1
198736,1
52285,1
44776,1
6720,1
41690,1
42685,1
1113,1
60955,1
262792,1
205246,1
47678,1
48670,1
15994,1
34187,1
8416,1
59676,1
25365,1
57422,1
210302,1
41302,1
50222,1
31323,1
42707,1
196847,1
31169,1
39216,1
199588,1
57084,1
29056,1
34743,1
49835,1
8226,1
12826,1
58308,1
39863,1
15683,1
205818,1
60409,1
24390,1
35833,1
35426,1
200780,1
1886,1
15517,1
22342,1
15836,1
57329,1
132296,1
45050,1
20860,1
201773,1
201557,1
16796,1
8048,1
4474,1
27364,1
25460,1
47526,1
23881,1
21034,1
49866,1
18779,1
198060,1
30983,1
395611,1
38796,1
205617,1
9186,1
199283,1
5391,1
14434,1
6789,1
31725,1
56347,1
41709,1
21390,1
48217,1
51937,1
34123,1
49588,1
48969,1
21500,1
34786,1
25478,1
45025,1
48756,1
8271,1
25353,1
5470,1
8508,1
27725,1
395685,1
28875,1
28788,1
199562,1
57971,1
63770,1
50870,1
25091,1
37009,1
52362,1
10881,1
56649,1
35236,1
13303,1
18822,1
6535,1
27686,1
8587,1
42189,1
28681,1
202214,1
197467,1
1887,1
267,1
1880,1
26370,1
29247,1
327798,1
8253,1
202042,1
9069,1
51810,1
49813,1
48344,1
25234,1
35600,1
8890,1
49604,1
15480,1
33823,1
62105,1
44622,1
397168,1
22742,1
24257,1
51896,1
21131,1
48294,1
43038,1
21040,1
61400,1
30607,1
34533,1
60362,1
292,1
44651,1
29551,1
22355,1
29605,1
135190,1
63771,1
18121,1
46562,1
15630,1
49638,1
36909,1
15022,1
60288,1
198668,1
20769,1
51862,1
54390,1
9924,1
24679,1
60415,1
42318,1
39458,1
20915,1
60309,1
20371,1
14430,1
13354,1
20910,1
58629,1
39326,1
13124,1
30848,1
6407,1
197133,1
44417,1
131937,1
37513,1
57356,1
135106,1
46293,1
4837,1
20485,1
11478,1
28884,1
19171,1
13280,1
36194,1
43655,1
17931,1
42227,1
29007,1
2515,1
51920,1
12324,1
36924,1
39522,1
60713,1
29953,1
57843,1
51786,1
20655,1
196750,1
327831,1
52314,1
61044,1
37020,1
197095,1
25002,1
208627,1
6798,1
27901,1
42387,1
6736,1
48139,1
18259,1
35393,1
15702,1
44558,1
156,1
47215,1
201709,1
206924,1
200434,1
208261,1
52,1
15088,1
39542,1
34971,1
25660,1
36149,1
201240,1
48154,1
20853,1
48747,1
35489,1
25394,1
51836,1
327750,1
36937,1
57218,1
4812,1
27733,1
197207,1
60304,1
1270,1
198167,1
5396,1
24835,1
38952,1
205112,1
42970,1
48200,1
7594,1
60197,1
43366,1
41341,1
199256,1
20956,1
209792,1
20565,1
5087,1
24550,1
23872,1
60879,1
49560,1
34781,1
25375,1
203432,1
8804,1
9085,1
8581,1
20848,1
3367,1
12486,1
43097,1
8641,1
198183,1
41562,1
14102,1
199103,1
11051,1
198420,1
31693,1
41334,1
201978,1
202032,1
11727,1
35592,1
201684,1
205726,1
35046,1
262178,1
24893,1
201822,1
8449,1
60846,1
8466,1
41897,1
1237,1
23855,1
37520,1
49115,1
9329,1
4796,1
4616,1
208210,1
35314,1
42642,1
7727,1
51718,1
12775,1
199484,1
15594,1
11215,1
28728,1
10094,1
43507,1
16246,1
8982,1
35140,1
39007,1
58079,1
42919,1
12993,1
30298,1
48971,1
16,1
34749,1
43542,1
3262,1
197975,1
33824,1
5547,1
56427,1
61349,1
12119,1
328316,1
47438,1
28878,1
43413,1
31257,1
8518,1
57227,1
4385,1
197893,1
27800,1
48661,1
50195,1
25500,1
196957,1
43384,1
133612,1
51669,1
63848,1
22458,1
44045,1
31370,1
54613,1
60426,1
41026,1
25061,1
133498,1
25151,1
206177,1
34683,1
197219,1
15318,1
33837,1
49896,1
44431,1
198452,1
198208,1
9026,1
62225,1
28742,1
56566,1
48137,1
39704,1
49402,1
62275,1
24895,1
196810,1
15894,1
24768,1
43406,1
43260,1
19515,1
26094,1
201686,1
35369,1
10013,1
44567,1
8540,1
37537,1
13005,1
199244,1
28889,1
27929,1
49788,1
209335,1
21221,1
31727,1
12591,1
60810,1
3549,1
39637,1
35263,1
62267,1
43826,1
1109,1
8687,1
24183,1
198089,1
20723,1
8364,1
21211,1
39578,1
41828,1
60072,1
40497,1
17551,1
37126,1
8395,1
49254,1
61111,1
9245,1
64095,1
42772,1
20561,1
208974,1
39257,1
16188,1
5786,1
49847,1
48441,1
50324,1
58220,1
59702,1
20849,1
57910,1
202618,1
35558,1
12570,1
59,1
197889,1
24848,1
203228,1
15397,1
198290,1
57407,1
17918,1
41489,1
47110,1
328215,1
24642,1
60983,1
52458,1
59789,1
38841,1
18814,1
9166,1
24909,1
8636,1
60022,1
28716,1
202237,1
47227,1
203618,1
21385,1
198725,1
49024,1
16218,1
34154,1
48220,1
48863,1
30786,1
31124,1
34760,1
197729,1
197046,1
158,1
201155,1
201868,1
31213,1
19653,1
12319,1
6823,1
9299,1
26801,1
20677,1
34622,1
8264,1
63311,1
395570,1
31337,1
1916,1
42148,1
47589,1
29385,1
44234,1
43801,1
393249,1
38800,1
7420,1
33894,1
4787,1
45475,1
132255,1
42132,1
24537,1
56099,1
9433,1
133334,1
9340,1
44267,1
37315,1
198230,1
57469,1
15930,1
39375,1
39560,1
42673,1
60156,1
49640,1
61211,1
43437,1
51417,1
59752,1
57154,1
15535,1
60032,1
62023,1
199662,1
35008,1
199165,1
35826,1
48901,1
34970,1
47834,1
44684,1
24764,1
50166,1
16097,1
12835,1
327707,1
37336,1
52431,1
4528,1
27843,1
49779,1
4049,1
9503,1
44746,1
10098,1
62282,1
2381,1
12543,1
44096,1
62429,1
15725,1
34373,1
5409,1
42557,1
43171,1
41696,1
21173,1
208139,1
51083,1
200862,1
201852,1
200409,1
49605,1
29462,1
328162,1
44788,1
59455,1
41397,1
57707,1
15368,1
63774,1
49719,1
41103,1
60323,1
45600,1
42490,1
5738,1
38949,1
2833,1
12423,1
28859,1
51401,1
48072,1
3314,1
6703,1
52191,1
24680,1
131995,1
18200,1
55863,1
8749,1
10753,1
10131,1
47165,1
203457,1
58473,1
136921,1
51057,1
198936,1
34410,1
62290,1
34081,1
49724,1
132905,1
20523,1
200155,1
201806,1
28760,1
47544,1
15699,1
26097,1
41424,1
42819,1
200161,1
41202,1
201499,1
48403,1
30962,1
41585,1
34568,1
20783,1
56568,1
42303,1
5397,1
39555,1
206114,1
35067,1
25417,1
8311,1
61169,1
16141,1
60664,1
199652,1
199516,1
49981,1
29413,1
63318,1
2470,1
5421,1
20657,1
4007,1
17501,1
203641,1
56647,1
41176,1
206157,1
21396,1
17625,1
4657,1
199554,1
8326,1
47251,1
25054,1
12618,1
31658,1
203969,1
15969,1
16298,1
199119,1
41163,1
47295,1
20773,1
43520,1
50858,1
198161,1
8302,1
15542,1
201587,1
28768,1
15754,1
33582,1
57943,1
58404,1
57503,1
200050,1
39532,1
12508,1
205209,1
201603,1
202463,1
43957,1
43848,1
200915,1
16363,1
60049,1
47217,1
28831,1
59507,1
200037,1
200981,1
21379,1
44053,1
395592,1
50926,1
199811,1
62094,1
9119,1
35227,1
34948,1
12571,1
15456,1
133696,1
14615,1
45355,1
204796,1
9135,1
15830,1
41653,1
24786,1
18419,1
29447,1
134341,1
4851,1
50345,1
44691,1
35456,1
39775,1
62227,1
16300,1
18663,1
62173,1
32363,1
31138,1
38220,1
131583,1
60162,1
132268,1
57420,1
135260,1
34080,1
198781,1
58273,1
21161,1
50585,1
16245,1
48379,1
51309,1
132933,1
22211,1
43320,1
196638,1
25455,1
35804,1
23700,1
42729,1
27947,1
14522,1
262145,1
34788,1
702,1
42065,1
7753,1
55101,1
33097,1
49544,1
46073,1
47697,1
48511,1
28851,1
51124,1
204053,1
41451,1
20609,1
203944,1
50449,1
34960,1
51262,1
51892,1
50163,1
29226,1
61156,1
29933,1
50204,1
200836,1
12996,1
16296,1
11814,1
17518,1
21713,1
41723,1
203478,1
48223,1
40975,1
42885,1
37693,1
49893,1
55824,1
42861,1
27768,1
11888,1
328039,1
202975,1
5576,1
29484,1
13273,1
53184,1
47304,1
50130,1
6849,1
3348,1
28891,1
201474,1
8248,1
29655,1
33819,1
34916,1
197580,1
27660,1
39028,1
48149,1
42393,1
50712,1
33983,1
47992,1
6677,1
8208,1
49920,1
42334,1
198651,1
44424,1
50304,1
31642,1
29317,1
43478,1
53550,1
56635,1
134111,1
18196,1
42252,1
48804,1
51004,1
5518,1
202625,1
15955,1
53166,1
55666,1
51935,1
5505,1
41670,1
207036,1
34156,1
8262,1
45725,1
135014,1
12033,1
35239,1
34049,1
209620,1
44297,1
35063,1
55,1
37061,1
203136,1
51604,1
45838,1
201986,1
15870,1
36866,1
20504,1
37670,1
48152,1
9051,1
201072,1
47682,1
64429,1
42455,1
39567,1
202583,1
62276,1
132245,1
41230,1
20798,1
45797,1
202539,1
206313,1
8351,1
208329,1
31317,1
134053,1
197318,1
34977,1
199846,1
56767,1
51784,1
24631,1
35179,1
48359,1
4647,1
395400,1
44454,1
2549,1
52694,1
43118,1
197437,1
39010,1
8053,1
201588,1
26610,1
28067,1
35900,1
58698,1
5661,1
202094,1
12177,1
59908,1
9103,1
13065,1
30766,1
206557,1
64478,1
35593,1
34660,1
8470,1
49140,1
31036,1
59324,1
64444,1
203568,1
133959,1
34497,1
28330,1
57293,1
16095,1
5516,1
200062,1
15685,1
39904,1
52056,1
202898,1
43910,1
60273,1
198657,1
48155,1
13113,1
43127,1
197692,1
199758,1
28857,1
47169,1
42120,1
42005,1
28929,1
24951,1
206454,1
18516,1
39150,1
13649,1
199167,1
56535,1
35271,1
15934,1
196797,1
10993,1
6905,1
51052,1
137576,1
262913,1
27790,1
204234,1
6717,1
16629,1
206375,1
48858,1
206012,1
199434,1
30325,1
199571,1
21176,1
57809,1
47283,1
12629,1
201213,1
199412,1
56403,1
202716,1
29680,1
204847,1
1289,1
199101,1
203593,1
39250,1
196874,1
34758,1
20810,1
44252,1
49767,1
15663,1
50873,1
13097,1
212760,1
29104,1
43847,1
12906,1
202605,1
52029,1
35627,1
41753,1
60757,1
197227,1
206287,1
210312,1
39816,1
49088,1
278,1
26210,1
42968,1
198754,1
52424,1
28186,1
200561,1
11976,1
61449,1
62040,1
25428,1
53591,1
61215,1
50042,1
394989,1
34108,1
50810,1
39636,1
207156,1
328228,1
395354,1
61327,1
45873,1
20804,1
18150,1
51773,1
1967,1
59622,1
44943,1
30880,1
29687,1
16375,1
63479,1
8657,1
14043,1
31978,1
205775,1
43652,1
10381,1
39616,1
398573,1
61272,1
60068,1
203687,1
50661,1
48446,1
197809,1
135328,1
206339,1
205555,1
57219,1
208854,1
205961,1
56515,1
49601,1
51426,1
199246,1
42401,1
17948,1
50550,1
208006,1
50300,1
27747,1
34393,1
51164,1
50247,1
48846,1
35267,1
45820,1
36903,1
28130,1
55350,1
17813,1
20811,1
3226,1
62125,1
45005,1
56466,1
327814,1
60786,1
11492,1
37519,1
263703,1
37123,1
328145,1
36472,1
264787,1
20255,1
7908,1
327817,1
24955,1
197686,1
134325,1
24634,1
62024,1
21274,1
196621,1
52341,1
10003,1
262239,1
2593,1
5392,1
205535,1
2501,1
12316,1
205046,1
199095,1
30836,1
104,1
206314,1
59397,1
29624,1
20746,1
58475,1
7690,1
17,1
27833,1
27792,1
61812,1
205521,1
8194,1
12539,1
25038,1
198721,1
33876,1
49036,1
56728,1
47755,1
20755,1
200031,1
33771,1
393522,1
205938,1
267024,1
202632,1
28099,1
51918,1
20776,1
206062,1
206013,1
31017,1
35505,1
35371,1
39861,1
35348,1
394197,1
203752,1
61399,1
264744,1
202077,1
43566,1
43382,1
203043,1
270291,1
198717,1
9182,1
200142,1
34958,1
8991,1
15370,1
206006,1
27879,1
37684,1
25117,1
31259,1
327741,1
28545,1
265662,1
44158,1
208183,1
8452,1
13055,1
31554,1
63242,1
17547,1
27928,1
46416,1
26457,1
56990,1
49103,1
61110,1
56709,1
57254,1
57760,1
31604,1
56456,1
60806,1
36817,1
36549,1
201843,1
206594,1
47548,1
34610,1
49225,1
12843,1
30793,1
64314,1
29140,1
33923,1
48387,1
16202,1
205515,1
7850,1
50467,1
8520,1
35598,1
26830,1
13969,1
202228,1
34797,1
55785,1
5468,1
206377,1
197405,1
8376,1
6700,1
57342,1
28876,1
133136,1
43541,1
263824,1
395748,1
393713,1
24516,1
2488,1
12657,1
204274,1
31133,1
12540,1
21195,1
11097,1
61337,1
52361,1
19517,1
200801,1
207995,1
43766,1
28979,1
6167,1
60471,1
2504,1
327872,1
327987,1
56912,1
328483,1
41953,1
11708,1
40764,1
29399,1
63920,1
39891,1
202130,1
203585,1
45184,1
204170,1
61092,1
263689,1
16110,1
27272,1
41153,1
12783,1
31922,1
61201,1
51032,1
12406,1
9600,1
204317,1
394907,1
20162,1
23181,1
327900,1
19830,1
199490,1
29962,1
197669,1
8818,1
396515,1
57050,1
8245,1
50309,1
203937,1
200590,1
202652,1
12684,1
60493,1
35382,1
208764,1
50818,1
58291,1
47341,1
20510,1
203602,1
198611,1
34177,1
139195,1
43451,1
39551,1
41652,1
200945,1
9161,1
8542,1
59775,1
39735,1
200386,1
8865,1
12923,1
210140,1
35908,1
200486,1
37697,1
12231,1
41437,1
24751,1
25579,1
29422,1
139759,1
53169,1
8487,1
26046,1
205741,1
8501,1
50897,1
39441,1
197709,1
47203,1
44494,1
51234,1
205679,1
197269,1
44381,1
24837,1
22927,1
34422,1
62432,1
203556,1
201396,1
9916,1
39699,1
56402,1
29018,1
57128,1
42145,1
51929,1
5390,1
56681,1
39083,1
200761,1
24875,1
4697,1
41966,1
34134,1
202293,1
34606,1
25885,1
196714,1
44600,1
210122,1
35297,1
46690,1
5385,1
395662,1
196610,1
395257,1
35891,1
20326,1
14773,1
45766,1
18881,1
9607,1
10279,1
21565,1
263690,1
38968,1
44002,1
44185,1
17804,1
136336,1
11381,1
206008,1
27796,1
208907,1
28118,1
133736,1
58765,1
32899,1
43019,1
37661,1
62445,1
30938,1
269923,1
210,1
206718,1
18534,1
29100,1
38077,1
204332,1
60213,1
134326,1
22724,1
1739,1
51346,1
52322,1
327724,1
56166,1
197696,1
56724,1
25668,1
264676,1
50971,1
49478,1
55699,1
16232,1
203512,1
393275,1
61109,1
60986,1
13490,1
209864,1
39232,1
25,1
393552,1
19016,1
15165,1
393856,1
15267,1
23481,1
20016,1
25899,1
19009,1
48275,1
53006,1
2698,1
49371,1
44030,1
204994,1
205813,1
39762,1
5563,1
16205,1
59536,1
202208,1
51044,1
137872,1
11090,1
19045,1
10219,1
64238,1
9129,1
11994,1
34296,1
208431,1
199803,1
48351,1
203474,1
50158,1
8544,1
25369,1
42922,1
134868,1
25542,1
47869,1
64230,1
13781,1
208069,1
209198,1
12727,1
12593,1
198524,1
196655,1
48437,1
132400,1
197164,1
16007,1
24589,1
12759,1
48471,1
39812,1
24164,1
46887,1
267797,1
54594,1
34285,1
29008,1
23118,1
200914,1
199551,1
49685,1
200030,1
205028,1
29037,1
2568,1
205344,1
15525,1
41303,1
16331,1
136360,1
44946,1
44369,1
132757,1
12808,1
206372,1
39289,1
49469,1
41435,1
34800,1
6846,1
42000,1
15450,1
198225,1
9205,1
26827,1
204444,1
35213,1
54978,1
199837,1
47698,1
198095,1
44341,1
53907,1
131269,1
14638,1
12886,1
51500,1
50277,1
35706,1
212647,1
20135,1
207435,1
201270,1
197572,1
15566,1
133289,1
135760,1
60548,1
40961,1
397046,1
207803,1
25521,1
25273,1
59665,1
202454,1
62759,1
45528,1
31394,1
50994,1
42863,1
201167,1
45235,1
49688,1
208323,1
137084,1
393950,1
60609,1
25415,1
200144,1
208877,1
6877,1
207300,1
43611,1
206404,1
8580,1
62098,1
5578,1
137257,1
207439,1
49824,1
263634,1
213024,1
32890,1
44332,1
43148,1
21079,1
198415,1
203315,1
209439,1
196742,1
198859,1
35237,1
43408,1
135756,1
23031,1
31029,1
38965,1
48102,1
23483,1
1797,1
15142,1
35224,1
47286,1
62184,1
49775,1
17579,1
394972,1
28717,1
38505,1
44506,1
45896,1
13335,1
12301,1
23969,1
203065,1
203352,1
205220,1
44574,1
37154,1
39862,1
8265,1
9595,1
34530,1
5522,1
29512,1
47242,1
7459,1
35816,1
11741,1
12722,1
50857,1
207151,1
30782,1
139002,1
207825,1
199937,1
6453,1
32100,1
19693,1
42893,1
47654,1
49642,1
262983,1
51960,1
197252,1
34559,1
205485,1
38926,1
55145,1
42346,1
34953,1
197667,1
39568,1
24956,1
207642,1
20886,1
10364,1
209609,1
15011,1
17726,1
200583,1
30600,1
51776,1
60255,1
44258,1
20634,1
210303,1
299,1
22926,1
12390,1
20971,1
30886,1
48024,1
207960,1
35530,1
25486,1
47297,1
60042,1
58340,1
206801,1
208041,1
201220,1
41871,1
43312,1
131210,1
8507,1
35467,1
204564,1
46303,1
14371,1
61049,1
40285,1
45671,1
25408,1
5537,1
15582,1
41360,1
60776,1
41771,1
21365,1
15694,1
34936,1
48289,1
16925,1
50289,1
209553,1
207671,1
198288,1
60833,1
135755,1
27770,1
264679,1
14453,1
803,1
205100,1
208332,1
12969,1
398065,1
133189,1
52697,1
31286,1
59890,1
8167,1
209987,1
42087,1
16527,1
202695,1
197650,1
30707,1
31841,1
205976,1
51569,1
22438,1
132453,1
48327,1
13728,1
24699,1
205893,1
32160,1
53488,1
21479,1
41704,1
13807,1
31472,1
57722,1
23089,1
199995,1
57552,1
60470,1
51685,1
200460,1
138195,1
32181,1
47330,1
47727,1
59554,1
60610,1
7489,1
29471,1
49432,1
205588,1
267141,1
16397,1
41227,1
6134,1
53755,1
396105,1
47610,1
26592,1
201227,1
12850,1
33763,1
3912,1
8660,1
23661,1
50418,1
5416,1
34182,1
43197,1
7552,1
37963,1
4785,1
50242,1
202090,1
51698,1
15735,1
50056,1
48347,1
135377,1
264215,1
327849,1
9371,1
10929,1
202113,1
62240,1
20978,1
42765,1
204059,1
31549,1
207002,1
33883,1
44925,1
135134,1
12488,1
48551,1
50937,1
49009,1
34897,1
211613,1
134316,1
17747,1
33209,1
8283,1
42708,1
14315,1
3267,1
13259,1
132199,1
54133,1
28890,1
43624,1
43232,1
200401,1
49825,1
9111,1
8943,1
35916,1
30746,1
25135,1
21017,1
39767,1
47237,1
25532,1
48979,1
3253,1
396878,1
34467,1
23862,1
59078,1
56971,1
41305,1
136200,1
48108,1
36290,1
16360,1
43380,1
43248,1
10139,1
36905,1
35332,1
266769,1
201106,1
397423,1
47626,1
20911,1
14708,1
207609,1
63018,1
23860,1
270014,1
207992,1
206873,1
44944,1
31404,1
51255,1
207910,1
138562,1
28683,1
205597,1
202391,1
20953,1
204418,1
12307,1
41272,1
198195,1
45773,1
60011,1
200740,1
56655,1
204997,1
132203,1
35913,1
60404,1
209974,1
207491,1
44375,1
3582,1
59970,1
4800,1
197331,1
45769,1
42209,1
197892,1
30041,1
205036,1
57169,1
42572,1
210104,1
62809,1
2152,1
7684,1
9370,1
34901,1
47196,1
29329,1
31069,1
201924,1
57294,1
34300,1
3356,1
26292,1
199064,1
15751,1
31863,1
29141,1
13789,1
37492,1
33549,1
134351,1
59253,1
7203,1
395954,1
396190,1
19148,1
396362,1
15003,1
394380,1
393886,1
30633,1
136988,1
205544,1
208448,1
4808,1
203380,1
42730,1
31263,1
206264,1
2722,1
203698,1
49855,1
43888,1
64073,1
208189,1
39526,1
25412,1
34858,1
49485,1
208563,1
20626,1
51132,1
49367,1
56894,1
4901,1
212546,1
