ix_id,ixlan_id,proto,prefix
1,1,IPv4,206.126.236.0/22
1,1,IPv6,2001:504:0:2::/64
2,2,IPv4,208.115.136.0/23
2,2,IPv6,2001:504:0:4::/64
3,3,IPv4,206.223.118.0/23
3,3,IPv6,2001:504:0:5::/64
4,4,IPv4,206.223.123.0/24
4,4,IPv6,2001:504:0:3::/64
5,5,IPv4,206.223.116.0/23
5,5,IPv6,2001:504:0:1::/64
7,7,IPv4,198.32.175.0/24
7,7,IPv4,198.32.176.0/24
7,7,IPv4,198.32.177.0/24
7,7,IPv6,2001:504:d::/64
9,9,IPv4,198.32.182.0/24
9,9,IPv6,2001:504:10::/64
10,10,IPv4,198.32.190.0/24
10,10,IPv4,198.32.191.0/24
10,10,IPv4,198.32.192.0/24
10,10,IPv6,2001:504:e::/64
11,11,IPv4,198.32.133.0/24
11,11,IPv4,198.32.134.0/24
11,11,IPv6,2001:504:12::/64
12,12,IPv4,198.32.118.0/24
12,12,IPv4,198.32.119.0/24
12,12,IPv6,2001:504:f::/64
13,13,IPv4,206.81.80.0/23
13,13,IPv6,2001:504:16::/64
14,14,IPv4,198.32.160.0/23
14,14,IPv6,2001:504:1::/64
17,17,IPv4,198.32.242.0/23
17,17,IPv6,2001:504:0:6::/64
18,18,IPv4,195.66.224.0/22
18,18,IPv6,2001:7f8:4::/64
21,21,IPv4,198.32.212.0/24
21,21,IPv6,2001:7fa:11::/64
22,22,IPv4,198.32.132.0/24
22,22,IPv6,2001:478:132::/64
23,23,IPv4,198.32.146.0/24
23,23,IPv6,2001:504:a::/64
24,24,IPv4,206.108.34.0/23
24,24,IPv6,2001:504:1a::34:0/111
26,26,IPv4,80.249.208.0/21
26,26,IPv6,2001:7f8:1::/64
29,29,IPv4,194.42.48.0/24
29,29,IPv6,2001:7f8:c:8235::/64
30,30,IPv4,210.171.224.0/23
30,30,IPv6,2001:de8:8::/64
31,31,IPv4,80.81.192.0/21
31,31,IPv6,2001:7f8::/64
33,33,IPv4,192.65.185.0/24
33,33,IPv6,2001:7f8:1c:24a::/64
34,34,IPv4,193.54.79.0/24
34,34,IPv4,194.68.129.0/24
34,34,IPv6,2001:7f8:4e:2::/64
35,35,IPv4,217.29.66.0/23
35,35,IPv4,217.29.68.0/23
35,35,IPv6,2001:7f8:b:100::/64
35,35,IPv6,2001:7f8:b:101::/64
42,42,IPv4,123.255.88.0/21
42,42,IPv6,2001:7fa:0:1::/64
43,43,IPv4,210.62.255.0/24
43,43,IPv6,2001:7fa:1:7481::/112
48,48,IPv4,185.6.36.0/23
48,48,IPv6,2001:7f8:18::/64
50,50,IPv4,193.203.0.0/23
50,50,IPv6,2001:7f8:30::/64
52,52,IPv4,192.145.251.0/24
52,52,IPv6,2001:7fa:8::/64
53,53,IPv4,5.57.80.0/22
53,53,IPv6,2001:7f8:17::/64
55,55,IPv4,193.188.137.0/24
55,55,IPv6,2001:7f8:35::/64
59,59,IPv4,194.53.172.0/25
59,59,IPv6,2001:7f8:26:8000::/64
59,59,IPv6,2001:7f8:26::/64
60,60,IPv4,91.206.52.0/23
60,60,IPv6,2001:7f8:24::/64
62,62,IPv4,193.242.98.0/24
62,62,IPv6,2001:7f8:2a::/64
63,63,IPv4,193.149.1.0/24
63,63,IPv6,2001:7f8:f::/64
64,64,IPv4,193.239.116.0/22
64,64,IPv6,2001:7f8:13::/64
69,69,IPv4,77.95.71.0/24
69,69,IPv6,2001:7f8:47:47::/64
70,70,IPv4,194.68.123.0/24
70,70,IPv6,2001:7f8:d:ff::/64
71,71,IPv4,91.210.16.0/22
71,71,IPv6,2001:7f8:14::/64
72,72,IPv4,193.136.250.0/24
72,72,IPv6,2001:7f8:a:1::/64
73,73,IPv4,194.59.190.0/24
73,73,IPv6,2001:7f8:2c:1000::/64
74,74,IPv4,185.1.210.0/23
74,74,IPv6,2001:7f8:3d::/64
76,76,IPv4,193.111.172.0/24
76,76,IPv6,2001:7f8:31::/64
77,77,IPv4,193.168.127.0/24
78,78,IPv4,185.1.57.0/25
78,78,IPv4,185.1.57.128/25
78,78,IPv4,192.38.7.0/24
78,78,IPv6,2001:7f8:1f:1500::/64
78,78,IPv6,2001:7f8:1f:9000::/64
78,78,IPv6,2001:7f8:1f::/64
82,82,IPv4,207.231.240.0/25
82,82,IPv4,207.231.240.128/25
82,82,IPv4,207.231.241.0/24
82,82,IPv4,207.231.242.0/25
82,82,IPv4,207.231.242.128/25
82,82,IPv4,207.231.243.0/24
82,82,IPv4,207.231.244.0/24
82,82,IPv4,207.231.245.0/24
82,82,IPv4,207.231.246.0/24
82,82,IPv4,207.231.247.0/24
82,82,IPv4,207.231.248.0/24
82,82,IPv4,207.231.249.0/24
82,82,IPv6,2001:504:b:10::/64
82,82,IPv6,2001:504:b:11::/64
82,82,IPv6,2001:504:b:20::/64
82,82,IPv6,2001:504:b:21::/64
82,82,IPv6,2001:504:b:30::/64
82,82,IPv6,2001:504:b:31::/64
82,82,IPv6,2001:504:b:80::/64
82,82,IPv6,2001:504:b:81::/64
82,82,IPv6,2001:504:b:88::/64
82,82,IPv6,2001:504:b:89::/64
82,82,IPv6,2001:504:b:90::/64
82,82,IPv6,2001:504:b:91::/64
83,83,IPv4,185.1.55.0/24
83,83,IPv6,2001:7f8:12:1::/64
84,84,IPv4,192.108.148.0/24
84,84,IPv6,2001:7f8:2f::/64
85,85,IPv4,193.108.98.0/24
85,85,IPv6,2001:7f8:e::/64
87,87,IPv4,193.178.185.0/24
87,87,IPv6,2001:7f8:19:1::/64
88,88,IPv4,210.184.127.0/24
88,88,IPv6,2403:2400:1100::/64
89,89,IPv4,144.92.233.224/27
89,89,IPv6,2607:f388:0:2200::/64
91,91,IPv4,194.146.118.0/24
91,91,IPv6,2001:7f8:8::/64
92,92,IPv4,202.249.2.0/24
92,92,IPv6,2001:200:0:fe00::/64
93,93,IPv4,198.32.141.0/24
93,93,IPv6,2001:de8:d::/64
94,94,IPv4,45.127.172.0/22
94,94,IPv6,2001:de8:6::/64
95,95,IPv4,210.173.176.0/23
95,95,IPv6,2001:7fa:7:1::/64
97,97,IPv4,192.203.154.0/24
97,97,IPv6,2001:7fa:4:c0cb::/64
98,98,IPv4,193.110.224.0/24
98,98,IPv6,2001:7f8:7:b::/64
100,100,IPv4,195.208.208.0/21
100,100,IPv6,2001:7f8:20:101::/64
105,105,IPv4,218.100.2.0/24
105,105,IPv6,2001:7fa:b::/64
107,107,IPv4,194.226.100.0/23
107,107,IPv4,194.226.102.0/23
107,107,IPv6,2001:7f8:20:201::/64
107,107,IPv6,2001:7f8:20:202::/64
110,110,IPv4,218.100.0.0/24
110,110,IPv6,2001:7fa:9::/64
111,111,IPv4,218.100.13.0/24
111,111,IPv6,2001:7fa:e::/64
112,112,IPv4,210.100.3.0/24
112,112,IPv6,2001:7fa:c::/64
113,113,IPv4,218.100.19.0/24
114,114,IPv4,218.100.12.0/24
115,115,IPv4,194.116.96.0/24
115,115,IPv6,2001:7f8:23:ffff::/64
119,119,IPv4,64.191.232.0/22
119,119,IPv6,2001:504:0:7::/64
121,121,IPv4,193.201.28.0/24
121,121,IPv6,2001:7f8:10::/64
123,123,IPv4,193.189.82.0/23
123,123,IPv6,2001:7f8:33::/48
125,125,IPv4,36.255.56.0/22
125,125,IPv6,2001:de8:7::/64
126,126,IPv4,101.203.88.0/22
126,126,IPv4,218.100.6.0/23
126,126,IPv6,2001:de8:c::/64
127,127,IPv4,198.32.162.0/24
128,128,IPv4,193.110.13.0/24
128,128,IPv6,2001:7f8:21:9::/64
129,129,IPv4,196.223.14.0/24
129,129,IPv6,2001:43f8:1f0::/64
135,135,IPv4,195.85.217.0/24
135,135,IPv6,2001:7f8:29:1::/64
141,141,IPv4,198.32.198.0/24
142,142,IPv4,206.72.210.0/23
142,142,IPv6,2001:504:13::/64
145,145,IPv4,210.173.184.0/23
145,145,IPv6,2001:7fa:7:2::/64
146,146,IPv4,194.165.32.0/24
151,151,IPv4,198.32.238.0/24
151,151,IPv6,2001:458:26:2::/64
154,154,IPv4,202.78.121.0/24
155,155,IPv4,206.197.187.0/24
155,155,IPv6,2001:504:30::/64
158,158,IPv4,27.111.228.0/22
158,158,IPv6,2001:de8:4::/64
165,165,IPv4,198.32.195.0/24
165,165,IPv6,2620:124:2000::/64
167,167,IPv4,203.190.230.0/24
167,167,IPv6,2001:de8:5::/64
170,170,IPv4,194.54.92.0/25
170,170,IPv6,2001:7f8:3a:e201::/64
171,171,IPv4,187.16.208.0/20
171,171,IPv6,2001:12f8::/64
172,172,IPv4,192.121.80.0/24
172,172,IPv6,2001:7f8:3e::/64
173,173,IPv4,177.52.38.0/23
173,173,IPv6,2001:12f8:0:6::/64
174,174,IPv4,200.219.140.0/24
174,174,IPv6,2001:12f8:0:4::/64
175,175,IPv4,200.219.141.0/24
175,175,IPv6,2001:12f8:0:5::/64
176,176,IPv4,200.219.139.0/24
176,176,IPv6,2001:12f8:0:3::/64
177,177,IPv4,45.6.52.0/22
177,177,IPv6,2001:12f8:0:2::/64
178,178,IPv4,200.192.110.0/24
178,178,IPv6,2001:12f8:0:13::/64
181,181,IPv4,200.0.17.0/24
181,181,IPv6,2001:13c7:6001::/64
184,184,IPv4,185.1.50.0/23
184,184,IPv6,2001:7f8:5d::/116
190,190,IPv4,195.137.179.0/24
190,190,IPv6,2001:7f8:39:1::/64
192,192,IPv4,194.68.130.0/24
192,192,IPv6,2001:7f8:d:100::/64
193,193,IPv4,212.237.193.0/24
193,193,IPv6,2001:7f8:d:203::/64
194,194,IPv4,194.68.133.0/24
194,194,IPv6,2001:7f8:d:300::/64
196,196,IPv4,206.223.139.0/24
196,196,IPv6,2001:504:19:2::/64
197,197,IPv4,206.223.127.128/25
197,197,IPv6,2001:504:19:1::/64
198,198,IPv4,103.218.244.0/23
198,198,IPv4,218.100.48.0/26
198,198,IPv6,2001:de8:1::/64
199,199,IPv4,206.126.116.0/24
204,204,IPv4,206.51.40.0/24
204,204,IPv6,2001:504:13:1::/64
205,205,IPv4,206.51.44.0/24
205,205,IPv6,2001:504:13:5::/64
209,209,IPv4,194.9.117.0/24
209,209,IPv6,2001:7f8:8:5::/64
210,210,IPv4,103.28.74.0/23
210,210,IPv4,218.100.4.0/24
210,210,IPv6,2001:7fa:2::/64
212,212,IPv4,193.138.31.0/24
212,212,IPv6,2001:7f8:56::/64
217,217,IPv4,103.130.252.0/22
217,217,IPv4,202.169.160.0/20
217,217,IPv6,2403:c240::/32
223,223,IPv4,193.232.87.0/24
223,223,IPv6,2001:7f8:20:401::/64
224,224,IPv4,103.156.182.0/23
224,224,IPv4,218.100.48.64/26
224,224,IPv6,2001:de8:1:1::/64
225,225,IPv4,61.19.60.0/23
225,225,IPv6,2001:c38:8000::/64
226,226,IPv4,206.51.43.0/24
226,226,IPv6,2001:504:13:4::/64
228,228,IPv4,195.130.211.0/26
228,228,IPv6,2001:7f8:48::/64
230,230,IPv4,185.1.4.0/22
230,230,IPv6,2001:7f8:4b::/48
231,231,IPv4,193.243.183.64/26
231,231,IPv6,2001:7f8:53::/48
234,234,IPv4,202.249.38.0/26
234,234,IPv6,2001:200:0:fe10::/64
235,235,IPv4,103.218.247.0/24
235,235,IPv4,218.100.48.128/26
235,235,IPv6,2001:de8:1:2::/64
236,236,IPv4,196.223.21.0/24
236,236,IPv6,2001:43f8:60:1::/64
239,239,IPv4,206.41.110.0/24
239,239,IPv6,2001:504:41:110::/64
240,240,IPv4,185.1.114.0/24
240,240,IPv6,2001:7f8:c5::/64
241,241,IPv4,198.32.231.0/25
241,241,IPv6,2404:2c00:ffff:e::/64
248,248,IPv4,185.1.208.0/23
248,248,IPv6,2001:7f8:44::/64
249,249,IPv4,206.51.7.0/24
249,249,IPv6,2001:504:1b:1::/64
250,250,IPv4,218.100.44.0/24
250,250,IPv6,2001:de8:10::/48
252,252,IPv4,206.223.124.128/25
252,252,IPv6,2001:13c7:6000:1969::/64
252,252,IPv6,2001:13c7:6000:1baf::/64
252,252,IPv6,2001:13c7:6000:1c1b::/64
252,252,IPv6,2001:13c7:6000:283b::/64
252,252,IPv6,2001:13c7:6000:34b1::/64
252,252,IPv6,2001:13c7:6000:3700::/64
252,252,IPv6,2001:13c7:6000:376b::/64
252,252,IPv6,2001:13c7:6000:3a13::/64
252,252,IPv6,2001:13c7:6000:3a7a::/64
252,252,IPv6,2001:13c7:6000:3b1d::/64
252,252,IPv6,2001:13c7:6000:4001::/64
252,252,IPv6,2001:13c7:6000:4002::/64
252,252,IPv6,2001:13c7:6000:4067::/64
252,252,IPv6,2001:13c7:6000:48f6::/64
252,252,IPv6,2001:13c7:6000:4be5::/64
252,252,IPv6,2001:13c7:6000:4eb0::/64
252,252,IPv6,2001:13c7:6000:5be0::/64
252,252,IPv6,2001:13c7:6000:6ca2::/64
252,252,IPv6,2001:13c7:6000:6ca9::/64
252,252,IPv6,2001:13c7:6000:6d2f::/64
252,252,IPv6,2001:13c7:6000::/64
252,252,IPv6,2001:13c7:6000:cc60::/64
252,252,IPv6,2001:13c7:6000:cc6a::/64
252,252,IPv6,2001:13c7:6000:ddd::/64
252,252,IPv6,2001:13c7:6000:ee8::/64
253,253,IPv4,200.1.6.0/24
253,253,IPv6,2001:13c7:6006::/48
254,254,IPv4,206.51.46.0/24
254,254,IPv6,2605:6c00:303:303::/64
255,255,IPv4,195.42.144.0/23
255,255,IPv6,2001:7f8:43::/64
256,256,IPv4,198.32.186.0/24
256,256,IPv6,2001:478:186::/64
257,257,IPv4,194.68.131.64/26
257,257,IPv6,2001:7f8:d:400::/64
258,258,IPv4,212.32.128.0/24
260,260,IPv4,200.0.22.0/23
260,260,IPv6,2001:13c7:6002::/48
262,262,IPv4,196.223.37.0/24
264,264,IPv4,195.182.218.0/23
264,264,IPv6,2001:7f8:42::/64
267,267,IPv4,206.197.210.0/25
267,267,IPv6,2606:7c80:3375:50::/64
270,270,IPv4,86.104.125.0/24
270,270,IPv6,2001:7f8:64:225::/64
273,273,IPv4,193.42.140.0/23
273,273,IPv6,2001:7f8:57:1000::/64
274,274,IPv4,81.21.96.0/24
274,274,IPv6,2001:4300:96::/64
275,275,IPv4,195.137.180.0/24
275,275,IPv6,2001:7f8:8b::/64
287,287,IPv4,91.194.162.0/24
288,288,IPv4,218.100.59.0/24
288,288,IPv6,2001:de8:9::/64
291,291,IPv4,193.42.155.0/24
291,291,IPv6,2001:7f8:8:10::/64
297,297,IPv4,188.93.170.0/23
297,297,IPv6,2001:7f8:4c::/64
298,298,IPv4,185.1.65.0/26
298,298,IPv6,2001:7f8:12:2::/64
299,299,IPv4,194.30.187.0/24
299,299,IPv6,2001:7f8:91::/64
301,301,IPv4,185.1.103.0/24
301,301,IPv6,2001:7f8:49::/64
303,303,IPv4,185.1.87.0/24
303,303,IPv6,2001:7f8:28::/64
311,311,IPv4,185.1.115.0/24
311,311,IPv6,2001:7f8:5f:ffff::/64
313,313,IPv4,91.194.218.0/24
313,313,IPv6,2001:7f8:61::/48
314,314,IPv4,200.219.144.0/24
314,314,IPv6,2001:12f8:0:7::/64
316,316,IPv4,195.60.82.64/26
316,316,IPv6,2001:7f8:4d:1::/64
317,317,IPv4,45.114.21.0/24
319,319,IPv4,91.220.194.0/24
319,319,IPv6,2001:7f8:46::/64
321,321,IPv4,195.66.236.0/22
321,321,IPv6,2001:7f8:4:1::/64
322,322,IPv4,206.126.114.0/24
322,322,IPv6,2001:504:17:114::/64
325,325,IPv4,206.126.115.0/24
325,325,IPv6,2001:504:17:115::/64
326,326,IPv4,185.1.30.0/24
326,326,IPv4,217.174.157.0/24
326,326,IPv6,2001:7f8:8e::/48
327,327,IPv4,193.25.180.0/23
327,327,IPv6,2001:7f8:63::/64
328,328,IPv4,195.140.192.0/24
328,328,IPv6,2001:7f8:1d:4::/64
331,331,IPv4,193.169.198.0/23
331,331,IPv6,2001:7f8:58::/64
334,334,IPv4,195.2.230.0/24
336,336,IPv4,91.213.236.0/24
336,336,IPv6,2001:7f8:68::/48
340,340,IPv4,185.1.19.0/24
340,340,IPv6,2001:7f8:7d::/64
344,344,IPv4,196.223.22.0/24
344,344,IPv6,2001:43f8:1f1::/64
347,347,IPv4,176.126.38.0/25
347,347,IPv6,2001:7f8:6e::/64
348,348,IPv4,202.7.0.0/23
348,348,IPv6,2001:7fa:3:ca07::/64
349,349,IPv4,218.100.24.0/24
349,349,IPv6,2001:7fa:3:5f44::/64
350,350,IPv4,194.85.107.0/24
350,350,IPv6,2001:7f8:20:301::/64
355,355,IPv4,198.179.18.0/24
355,355,IPv6,2001:504:2d::18:0/111
358,358,IPv4,178.18.224.0/22
358,358,IPv4,178.18.226.0/23
358,358,IPv4,178.18.228.0/23
358,358,IPv4,178.18.230.0/24
358,358,IPv4,178.18.231.0/24
358,358,IPv4,178.18.232.0/24
358,358,IPv4,178.18.233.0/24
358,358,IPv4,178.18.235.0/24
358,358,IPv6,2a03:5f80:4:1::/64
358,358,IPv6,2a03:5f80:4:2::/64
358,358,IPv6,2a03:5f80:4::/64
358,358,IPv6,2a03:5f80:7::/64
359,359,IPv4,37.49.236.0/22
359,359,IPv6,2001:7f8:54::/64
361,361,IPv4,196.223.5.0/24
361,361,IPv6,2001:43f8::/64
363,363,IPv4,206.53.201.0/24
363,363,IPv6,2001:504:60::/64
364,364,IPv4,195.246.227.0/24
364,364,IPv6,2001:7f8:16::/64
366,366,IPv4,200.0.20.0/24
366,366,IPv6,2001:13c7:6004::/64
368,368,IPv4,193.136.251.96/27
368,368,IPv6,2001:7f8:a:11::/64
372,372,IPv4,80.97.248.0/23
372,372,IPv6,2a02:d10:80::/64
373,373,IPv4,198.32.181.0/24
373,373,IPv6,2001:504:d:80::/64
375,375,IPv4,218.100.27.0/24
375,375,IPv4,218.100.36.0/24
375,375,IPv4,43.252.146.0/23
375,375,IPv6,2001:7fa:f::/48
377,377,IPv4,193.37.144.0/24
377,377,IPv6,2001:7f8:4a::/48
378,378,IPv4,193.232.136.0/25
378,378,IPv6,2001:7f8:20:701::/64
379,379,IPv4,193.232.135.0/24
379,379,IPv6,2001:7f8:20:601::/64
380,380,IPv4,193.232.140.0/24
380,380,IPv6,2001:7f8:20:501::/64
381,381,IPv4,194.57.253.128/27
383,383,IPv4,62.63.142.0/24
387,387,IPv4,194.88.240.0/25
387,387,IPv6,2001:7f8:18:12::/64
392,392,IPv4,193.17.78.0/24
392,392,IPv6,2001:7f8:6a::/64
393,393,IPv4,192.114.62.0/23
393,393,IPv6,2001:7f8:3b::/48
398,398,IPv4,194.190.119.0/24
398,398,IPv6,2001:7f8:20:801::/64
400,400,IPv4,193.219.13.64/26
400,400,IPv6,2001:778:0:1001::/64
410,410,IPv4,91.216.67.0/24
410,410,IPv6,2001:7f8:59:0:75::/96
415,415,IPv4,200.192.108.0/24
415,415,IPv6,2001:12f8:0:11::/64
421,421,IPv4,196.223.1.0/24
421,421,IPv4,196.49.6.0/24
421,421,IPv6,2001:43f8:390::/64
421,421,IPv6,2001:43f8:391::/64
422,422,IPv4,196.223.25.0/24
422,422,IPv6,2001:43f8:130::/64
424,424,IPv4,185.1.27.0/24
424,424,IPv6,2001:7f8:1e::/64
428,428,IPv4,198.32.136.0/24
428,428,IPv4,198.32.153.0/24
428,428,IPv4,198.9.201.0/24
428,428,IPv4,198.9.202.0/24
428,428,IPv6,2001:478:6663:100::/64
428,428,IPv6,2001:478:6663:200::/64
429,429,IPv4,103.16.102.0/23
429,429,IPv6,2001:de8:12:100::/64
430,430,IPv4,193.105.214.0/24
435,435,IPv4,91.217.231.0/24
435,435,IPv6,2001:7f8:67::/64
446,446,IPv4,206.108.255.0/24
446,446,IPv6,2001:504:27::/64
452,452,IPv4,218.100.41.0/24
452,452,IPv6,2001:de8:11:3::/64
453,453,IPv4,91.198.176.0/24
453,453,IPv6,2001:7f8:41::/48
463,463,IPv4,202.128.12.0/26
469,469,IPv4,119.110.115.0/24
469,469,IPv4,119.110.116.0/23
469,469,IPv4,119.110.118.0/24
469,469,IPv6,2404:c000:4004::/64
474,474,IPv4,89.46.144.0/21
474,474,IPv6,2001:678:3ac::/48
476,476,IPv4,206.223.120.0/24
476,476,IPv6,2001:504:18::/48
477,477,IPv4,195.60.89.0/24
477,477,IPv6,2001:7f8:5e::/64
481,481,IPv4,212.91.0.0/22
481,481,IPv6,2001:7f8:60::/48
482,482,IPv4,195.149.232.0/23
482,482,IPv6,2001:7f8:27::/48
487,487,IPv4,193.22.30.0/24
488,488,IPv4,196.216.148.0/24
488,488,IPv6,2001:43f8:bb1::/64
491,491,IPv4,178.216.40.0/21
491,491,IPv6,2001:7f8:5b::/64
492,492,IPv4,193.110.225.0/24
492,492,IPv6,2001:7f8:7:c::/64
496,496,IPv4,206.130.61.0/24
496,496,IPv6,2001:504:20:81::/64
499,499,IPv4,204.107.122.0/25
499,499,IPv6,2001:19e0:ffff::/64
506,506,IPv4,206.123.0.0/24
506,506,IPv6,2001:504:21::/64
512,512,IPv4,193.28.6.0/24
512,512,IPv6,2001:7f8:82::/64
513,513,IPv4,218.100.78.0/24
513,513,IPv6,2001:7fa:11:1::/64
514,514,IPv4,149.112.8.0/24
514,514,IPv6,2001:504:101::/64
524,524,IPv4,193.8.61.192/26
526,526,IPv4,185.1.92.0/24
526,526,IPv6,2001:7f8:b4::/48
528,528,IPv4,196.223.33.0/24
528,528,IPv6,2001:43f8:930:cafe::/64
529,529,IPv4,217.117.187.0/24
538,538,IPv4,213.184.52.0/24
538,538,IPv6,2001:7f8:50:1::/64
542,542,IPv4,185.1.113.0/24
542,542,IPv6,2001:7f8:c4::/64
543,543,IPv4,91.232.229.0/24
543,543,IPv6,2001:7f8:66::/64
556,556,IPv4,200.219.145.0/24
556,556,IPv6,2001:12f8:0:8::/64
558,558,IPv4,187.16.197.0/24
558,558,IPv6,2001:12f8:0:20::/64
559,559,IPv4,192.108.145.0/24
563,563,IPv4,206.123.7.0/24
563,563,IPv6,2001:504:95::/64
564,564,IPv4,103.246.232.0/24
564,564,IPv6,2001:de8:8:6::/64
565,565,IPv4,206.108.236.0/24
565,565,IPv6,2001:504:24:1::/64
566,566,IPv4,218.100.21.0/24
573,573,IPv4,200.0.18.0/24
575,575,IPv4,200.192.111.0/24
575,575,IPv6,2001:12f8:0:14::/64
576,576,IPv4,218.100.76.0/24
576,576,IPv6,2001:7fa:11:2::/64
577,577,IPv4,103.247.139.0/25
577,577,IPv6,2001:df0:296::/64
580,580,IPv4,194.85.177.0/25
580,580,IPv6,2001:7f8:20:901::/64
582,582,IPv4,185.1.65.128/27
582,582,IPv6,2001:7f8:12:4::/64
583,583,IPv4,195.66.244.0/24
583,583,IPv6,2001:7f8:4:2::/64
587,587,IPv4,185.1.8.0/24
587,587,IPv6,2001:7f8:73::/64
592,592,IPv4,196.60.8.0/22
592,592,IPv6,2001:43f8:6d0::/64
597,597,IPv4,196.60.70.0/23
597,597,IPv6,2001:43f8:6d1::/64
598,598,IPv4,218.100.49.64/26
602,602,IPv4,58.84.254.0/23
602,602,IPv6,2402:a800:fff0::/64
603,603,IPv4,200.192.109.0/24
603,603,IPv6,2001:12f8:0:12::/64
606,606,IPv4,218.100.72.0/23
606,606,IPv6,2001:df0:b1:100::/64
607,607,IPv4,103.17.108.0/23
610,610,IPv4,196.223.30.0/24
610,610,IPv6,2001:43f8:1f2::/64
615,615,IPv4,196.223.2.0/24
624,624,IPv4,206.223.125.0/25
624,624,IPv4,206.223.125.128/25
624,624,IPv6,2001:504:29::/64
626,626,IPv4,103.19.76.0/24
626,626,IPv4,218.100.32.0/24
626,626,IPv6,2001:7fa:2:50ba::/64
627,627,IPv4,206.123.24.0/24
627,627,IPv6,2001:504:28::/48
628,628,IPv4,196.216.216.0/23
628,628,IPv4,196.223.28.0/24
628,628,IPv6,2001:43f8:3c1::/48
633,633,IPv4,91.240.225.0/24
633,633,IPv6,2001:7f8:6f::/64
635,635,IPv4,94.137.48.0/24
635,635,IPv4,94.137.63.0/24
638,638,IPv4,187.16.192.0/24
638,638,IPv6,2001:12f8:0:15::/64
639,639,IPv4,206.126.225.0/24
639,639,IPv6,2001:504:2f::/64
640,640,IPv4,206.123.30.0/24
640,640,IPv6,2001:504:22:30::/64
655,655,IPv4,185.1.62.0/23
655,655,IPv6,2001:7f8:6c::/64
662,662,IPv4,206.41.105.0/24
662,662,IPv6,2001:504:3b::/64
672,672,IPv4,198.32.130.0/24
672,672,IPv6,2001:478:130::/64
673,673,IPv4,198.32.96.0/23
673,673,IPv6,2001:478:96::/64
674,674,IPv4,198.32.145.0/24
674,674,IPv6,2001:478:145::/64
675,675,IPv4,198.32.164.0/24
675,675,IPv6,2001:478:164::/64
676,676,IPv4,62.69.146.0/23
676,676,IPv6,2001:7f8:8:20::/64
683,683,IPv4,91.203.127.0/24
683,683,IPv6,2001:7f8:77::/64
691,691,IPv4,218.100.54.0/25
691,691,IPv6,2001:7fa:11:3::/64
694,694,IPv4,196.201.2.0/24
694,694,IPv6,2001:43f8:ae0::/48
699,699,IPv4,185.1.226.0/23
699,699,IPv4,193.218.0.0/24
699,699,IPv6,2001:67c:29f0::/64
703,703,IPv4,206.72.208.0/24
703,703,IPv6,2001:504:26::/64
705,705,IPv4,200.219.147.0/24
705,705,IPv6,2001:12f8:0:10::/64
706,706,IPv4,187.16.194.0/24
706,706,IPv6,2001:12f8:0:17::/64
707,707,IPv4,187.16.198.0/24
707,707,IPv6,2001:12f8:0:21::/64
708,708,IPv4,187.16.196.0/24
708,708,IPv6,2001:12f8:0:19::/64
709,709,IPv4,187.16.199.0/24
709,709,IPv6,2001:12f8:0:22::/64
710,710,IPv4,45.184.144.0/22
710,710,IPv6,2001:12f8:0:9::/64
711,711,IPv4,187.16.195.0/24
711,711,IPv6,2001:12f8:0:18::/64
713,713,IPv4,91.213.211.0/24
713,713,IPv6,2001:7f8:7f::/64
716,716,IPv4,218.100.52.0/23
716,716,IPv6,2001:7fa:11:4::/64
727,727,IPv4,196.223.27.0/24
727,727,IPv4,196.49.72.0/24
727,727,IPv6,2001:43f8:13a0::/64
727,727,IPv6,2001:43f8:380::/64
745,745,IPv4,195.66.246.0/24
745,745,IPv6,2001:7f8:4:3::/64
760,760,IPv4,198.32.98.0/24
760,760,IPv6,2001:478:98::/64
762,762,IPv4,185.1.18.0/24
762,762,IPv6,2001:67c:2b9c::/48
766,766,IPv4,193.34.203.0/25
766,766,IPv6,2001:7f8:55::/64
776,776,IPv4,206.126.109.0/24
776,776,IPv6,2001:504:2c::/116
777,777,IPv4,206.55.196.0/23
777,777,IPv6,2001:504:31::/64
778,778,IPv4,93.159.151.0/24
779,779,IPv4,103.26.71.0/24
779,779,IPv6,2001:dea:0:30::/64
780,780,IPv4,103.26.68.0/23
780,780,IPv6,2001:dea:0:10::/64
781,781,IPv4,103.26.70.0/24
781,781,IPv6,2001:dea:0:20::/64
786,786,IPv4,218.100.9.0/24
786,786,IPv6,2001:de8:c:2::/64
790,790,IPv4,187.16.202.0/24
790,790,IPv6,2001:12f8:0:25::/64
796,796,IPv4,185.1.35.0/24
796,796,IPv6,2001:7f8:92::/64
804,804,IPv4,206.82.104.0/22
804,804,IPv6,2001:504:36::/64
809,809,IPv4,206.126.235.0/26
809,809,IPv6,2001:504:33::/64
810,810,IPv4,196.223.4.0/24
810,810,IPv4,196.49.0.0/24
810,810,IPv6,2001:43f8:940::/48
815,815,IPv4,91.230.65.0/24
818,818,IPv4,187.16.201.0/24
818,818,IPv6,2001:12f8:0:24::/64
822,822,IPv4,185.1.81.0/24
822,822,IPv6,2001:7f8:ac:142::/64
823,823,IPv4,203.163.222.0/24
823,823,IPv6,2406:d400:1:133:203:163:222:0/112
828,828,IPv4,185.1.42.0/24
828,828,IPv6,2001:7f8:9b::/64
829,829,IPv4,149.112.13.0/24
829,829,IPv6,2001:504:105::/64
832,832,IPv4,103.27.170.0/23
832,832,IPv6,2401:7500:fff6::/64
833,833,IPv4,206.108.114.0/24
833,833,IPv6,2001:504:3c::/64
842,842,IPv4,200.75.174.0/24
851,851,IPv4,91.218.7.0/25
851,851,IPv6,2001:7f8:94::/64
854,854,IPv4,218.100.71.0/24
854,854,IPv6,2403:1600::/64
859,859,IPv4,187.16.203.0/24
859,859,IPv6,2001:12f8:0:26::/64
863,863,IPv4,206.41.104.0/24
863,863,IPv6,2001:504:39::/64
864,864,IPv4,185.1.25.0/24
864,864,IPv6,2001:7f8:87::/64
866,866,IPv4,185.1.15.0/24
866,866,IPv6,2001:7f8:7a::/64
867,867,IPv4,194.54.93.0/25
867,867,IPv6,2001:7f8:3a:e202::/64
869,869,IPv4,206.53.204.0/24
869,869,IPv6,2001:504:64:100::/64
876,876,IPv4,185.1.13.0/24
876,876,IPv6,2001:7f8:78::/48
880,880,IPv4,37.49.232.0/24
880,880,IPv6,2001:7f8:54:5::/64
881,881,IPv4,193.34.197.128/25
881,881,IPv6,2001:7f8:6d::/64
904,904,IPv4,200.115.81.0/24
904,904,IPv6,2001:13c7:6011::/64
906,906,IPv4,206.130.15.0/24
906,906,IPv6,2001:504:37:10::/64
909,909,IPv4,103.231.152.0/22
909,909,IPv6,2001:df5:b800:bb00::/64
911,911,IPv4,200.115.83.0/24
911,911,IPv6,2001:13c7:6013::/64
916,916,IPv4,103.101.136.0/24
916,916,IPv6,2401:ee00:58:500::/64
922,922,IPv4,196.223.35.0/24
930,930,IPv4,200.0.19.0/24
930,930,IPv6,2001:13c7:6007::/64
935,935,IPv4,206.41.106.0/24
935,935,IPv6,2001:504:3d:1::/64
938,938,IPv4,206.41.109.0/24
938,938,IPv6,2001:504:3f::/48
940,940,IPv4,181.188.0.0/24
944,944,IPv4,206.108.115.0/24
944,944,IPv6,2001:504:38:1::/64
945,945,IPv4,200.13.83.0/24
945,945,IPv6,2001:13c7:6008::/64
948,948,IPv4,203.190.227.0/24
948,948,IPv6,2001:de8:5:1::/64
954,954,IPv4,206.41.108.0/24
954,954,IPv6,2001:504:40:108::/64
957,957,IPv4,198.78.5.0/24
957,957,IPv6,2607:fe60:aaaa::/64
965,965,IPv4,103.41.12.0/22
965,965,IPv6,2001:ded::/48
967,967,IPv4,196.223.38.0/24
967,967,IPv6,2001:43f8:9c0:1000::/64
967,967,IPv6,2001:43f8:9c1:1::/64
969,969,IPv4,196.10.141.0/24
969,969,IPv6,2001:43f8:6d2::/64
971,971,IPv4,103.25.228.0/24
971,971,IPv6,2001:dec:0:1::/64
976,976,IPv4,218.100.54.128/25
976,976,IPv6,2001:7fa:11:5::/64
977,977,IPv4,43.243.21.0/24
977,977,IPv6,2001:7fa:11:6::/64
983,983,IPv4,202.37.120.0/24
983,983,IPv6,2406:7040:706:74::/64
984,984,IPv4,43.243.22.0/23
984,984,IPv6,2001:dea:0:40::/64
985,985,IPv4,185.1.33.0/24
985,985,IPv6,2001:7f8:90::/64
986,986,IPv4,206.53.139.0/24
986,986,IPv6,2001:504:45:f3e8::/64
993,993,IPv4,185.1.1.0/24
993,993,IPv6,2001:7f8:72:be1::/64
1002,1002,IPv4,206.53.137.0/24
1002,1002,IPv6,2001:504:44::/64
1006,1006,IPv4,209.124.52.0/23
1006,1006,IPv6,2607:f790:100::/64
1007,1007,IPv4,196.11.234.0/24
1007,1007,IPv6,2001:43f8:9d0::/64
1009,1009,IPv4,185.1.31.0/24
1009,1009,IPv6,2001:7f8:8d::/64
1013,1013,IPv4,163.53.143.0/24
1016,1016,IPv4,195.66.254.0/24
1016,1016,IPv6,2001:7f8:4:4::/64
1017,1017,IPv4,196.223.40.0/24
1019,1019,IPv4,185.1.2.0/24
1019,1019,IPv6,2001:7f8:81::/64
1023,1023,IPv4,200.107.83.0/24
1023,1023,IPv6,2801:1d:a000:1::/64
1025,1025,IPv4,203.159.68.0/23
1025,1025,IPv6,2001:deb:0:68::/64
1026,1026,IPv4,183.177.61.0/24
1026,1026,IPv6,2001:de8:6:1::/64
1028,1028,IPv4,191.97.48.0/24
1032,1032,IPv4,196.223.12.0/24
1032,1032,IPv6,2001:43f8:150::/48
1038,1038,IPv4,209.141.110.0/24
1038,1038,IPv6,2607:f778:1:fe00::/64
1040,1040,IPv4,185.1.38.0/24
1040,1040,IPv6,2001:7f8:99:ffff::/64
1042,1042,IPv4,200.110.120.0/24
1042,1042,IPv6,2001:13c7:6f80::/48
1046,1046,IPv4,197.255.191.0/24
1046,1046,IPv6,2c0f:f048::/64
1054,1054,IPv4,103.42.120.0/22
1054,1054,IPv4,58.147.184.0/21
1054,1054,IPv6,2404:9580:24:534::/64
1054,1054,IPv6,2404:9580:63:516::/64
1056,1056,IPv4,91.212.235.0/24
1056,1056,IPv6,2001:7f8:9f::/64
1066,1066,IPv4,200.14.37.0/24
1066,1066,IPv6,2001:13c7:6009::/64
1067,1067,IPv4,200.14.75.0/24
1067,1067,IPv6,2001:13c7:600e::/64
1068,1068,IPv4,200.14.39.0/24
1068,1068,IPv6,2001:13c7:600c::/64
1069,1069,IPv4,200.115.82.0/24
1069,1069,IPv6,2001:13c7:6012::/64
1070,1070,IPv4,200.14.38.0/24
1070,1070,IPv6,2001:13c7:600b::/64
1071,1071,IPv4,200.115.84.0/24
1071,1071,IPv6,2001:13c7:6014::/64
1072,1072,IPv4,200.14.74.0/24
1072,1072,IPv6,2001:13c7:600d::/64
1073,1073,IPv4,185.1.43.0/24
1073,1073,IPv6,2001:7f8:11::/64
1086,1086,IPv4,206.53.143.0/24
1086,1086,IPv6,2001:504:47::/64
1088,1088,IPv4,109.239.136.0/23
1088,1088,IPv6,2001:b28:3ff::/64
1089,1089,IPv4,185.1.40.0/24
1089,1089,IPv6,2001:7f8:98::/64
1094,1094,IPv4,80.94.94.0/23
1094,1094,IPv6,2a06:2340:94::/64
1094,1094,IPv6,2a06:2340::/64
1095,1095,IPv4,103.54.2.0/23
1095,1095,IPv4,45.64.253.0/24
1105,1105,IPv4,41.231.21.0/24
1105,1105,IPv6,2001:4350:3000::/64
1117,1117,IPv4,198.32.166.0/23
1117,1117,IPv6,2001:478:166::/64
1123,1123,IPv4,181.210.17.0/24
1127,1127,IPv4,194.254.208.128/27
1131,1131,IPv4,185.1.46.0/24
1131,1131,IPv6,2001:7f8:32::/64
1134,1134,IPv4,194.57.235.0/24
1142,1142,IPv4,198.32.165.0/24
1142,1142,IPv6,2001:478:165::/64
1146,1146,IPv4,185.79.175.0/24
1146,1146,IPv6,2001:7f8:f:1::/64
1149,1149,IPv4,185.1.47.0/24
1149,1149,IPv6,2001:7f8:36::/64
1150,1150,IPv4,185.1.48.0/24
1150,1150,IPv6,2001:7f8:3f::/64
1151,1151,IPv4,185.1.60.0/24
1151,1151,IPv6,2001:7f8:9c::/64
1154,1154,IPv4,91.221.180.0/23
1154,1154,IPv6,2a0b:9fc0:1::/64
1156,1156,IPv4,185.1.54.0/24
1156,1156,IPv6,2001:7f8:95::/48
1160,1160,IPv4,213.162.194.0/24
1160,1160,IPv6,2a02:23a0:1111:9999::/64
1168,1168,IPv4,185.1.39.0/24
1168,1168,IPv6,2001:7f8:80::/64
1169,1169,IPv4,206.53.140.0/24
1169,1169,IPv6,2001:504:46::/48
1171,1171,IPv4,185.1.45.0/24
1171,1171,IPv6,2001:7f8:2e::/48
1172,1172,IPv4,106.48.34.0/23
1172,1172,IPv6,2405:3b00::/64
1174,1174,IPv4,206.53.171.0/24
1174,1174,IPv6,2606:a980:0:4::/64
1175,1175,IPv4,206.53.172.0/24
1175,1175,IPv6,2606:a980:0:5::/64
1178,1178,IPv4,206.53.170.0/24
1178,1178,IPv6,2606:a980:0:3::/64
1180,1180,IPv4,206.53.174.0/24
1180,1180,IPv6,2606:a980:0:7::/64
1183,1183,IPv4,203.254.32.0/24
1187,1187,IPv4,103.14.9.0/24
1187,1187,IPv6,2400:6280:2::/64
1188,1188,IPv4,202.150.8.0/23
1191,1191,IPv4,195.135.199.0/24
1201,1201,IPv4,196.223.6.0/24
1201,1201,IPv6,2001:43f8:0:100::/64
1207,1207,IPv4,206.53.175.0/24
1207,1207,IPv6,2001:504:58::/64
1209,1209,IPv4,103.7.144.0/25
1209,1209,IPv6,2001:de8:1d::/64
1210,1210,IPv4,193.34.200.128/25
1212,1212,IPv4,206.53.200.0/24
1212,1212,IPv6,2001:504:59::/64
1214,1214,IPv4,185.1.170.0/23
1214,1214,IPv6,2001:7f8:9e::/64
1228,1228,IPv4,103.30.172.0/23
1228,1228,IPv6,2001:df0:f080:cdc::/64
1229,1229,IPv4,185.1.23.0/24
1235,1235,IPv4,202.12.243.0/24
1235,1235,IPv6,2001:dea:0:50::/64
1242,1242,IPv4,193.106.112.0/23
1242,1242,IPv6,2a00:1b30::/64
1249,1249,IPv4,206.53.202.0/24
1249,1249,IPv6,2001:504:61::/64
1262,1262,IPv4,185.1.69.0/24
1262,1262,IPv6,2001:7f8:18:210::/64
1276,1276,IPv4,187.16.204.0/24
1276,1276,IPv6,2001:12f8:0:27::/64
1277,1277,IPv4,185.1.192.0/23
1277,1277,IPv6,2001:7f8:a0::/64
1284,1284,IPv4,106.48.36.0/23
1284,1284,IPv6,2405:3b01::/64
1285,1285,IPv4,206.81.82.0/23
1285,1285,IPv6,2001:504:16:1::/64
1302,1302,IPv4,185.1.71.0/25
1302,1302,IPv6,2001:7f8:a2::/50
1303,1303,IPv4,103.216.40.0/23
1303,1303,IPv6,2404:e780:f872:a::/64
1307,1307,IPv4,206.53.203.0/24
1307,1307,IPv6,2606:a980:0:8::/64
1308,1308,IPv4,185.1.32.0/24
1308,1308,IPv6,2001:7f8:8f::/48
1317,1317,IPv4,103.218.246.0/24
1317,1317,IPv4,218.100.48.192/26
1317,1317,IPv6,2001:de8:1:5::/64
1320,1320,IPv4,37.77.32.0/20
1320,1320,IPv6,2a02:e5c::/32
1323,1323,IPv4,45.120.248.0/24
1323,1323,IPv6,2001:df2:1900:1::/64
1329,1329,IPv4,185.1.74.0/25
1329,1329,IPv6,2001:7f8:a5::/64
1332,1332,IPv4,193.110.226.0/24
1332,1332,IPv6,2001:7f8:7:a::/64
1335,1335,IPv4,196.223.41.0/24
1335,1335,IPv6,2001:43f8:a10::/48
1354,1354,IPv4,198.32.157.0/25
1354,1354,IPv6,2001:7f8:52::/64
1375,1375,IPv4,106.48.38.0/23
1375,1375,IPv6,2405:3b02::/64
1387,1387,IPv4,185.1.52.0/24
1387,1387,IPv6,2001:7f8:62:52::/64
1418,1418,IPv4,185.1.65.192/27
1418,1418,IPv6,2001:7f8:12:5::/64
1419,1419,IPv4,185.1.65.224/27
1419,1419,IPv6,2001:7f8:12:6::/64
1420,1420,IPv4,185.1.65.160/27
1420,1420,IPv6,2001:7f8:12:3::/64
1421,1421,IPv4,185.1.61.0/24
1421,1421,IPv6,2001:7f8:9d::/64
1423,1423,IPv4,185.1.199.0/24
1423,1423,IPv4,212.127.90.0/23
1423,1423,IPv6,2001:7f8:10b::/64
1428,1428,IPv4,77.95.68.0/24
1428,1428,IPv6,2001:7f8:47:38::/64
1449,1449,IPv4,103.203.158.0/23
1449,1449,IPv6,2403:c780:b800:bb00::/64
1464,1464,IPv4,185.1.86.0/24
1464,1464,IPv6,2001:7f8:af::/64
1468,1468,IPv4,103.203.156.0/23
1468,1468,IPv6,2403:c780:a800:bb00::/64
1480,1480,IPv4,200.115.80.0/24
1480,1480,IPv6,2001:13c7:6010::/64
1481,1481,IPv4,138.204.244.0/24
1481,1481,IPv6,2001:13c7:6016::/64
1482,1482,IPv4,138.204.245.0/24
1482,1482,IPv6,2001:13c7:6017::/64
1483,1483,IPv4,138.204.246.0/24
1483,1483,IPv6,2001:13c7:6018::/64
1484,1484,IPv4,138.204.247.0/24
1484,1484,IPv6,2001:13c7:6019::/64
1485,1485,IPv4,138.204.248.0/24
1485,1485,IPv6,2001:13c7:6020::/64
1486,1486,IPv4,138.204.249.0/24
1486,1486,IPv6,2001:13c7:6021::/64
1487,1487,IPv4,200.115.85.0/24
1487,1487,IPv6,2001:13c7:6015::/48
1488,1488,IPv4,206.71.8.0/25
1488,1488,IPv6,2001:504:68::/64
1489,1489,IPv4,206.53.207.0/25
1489,1489,IPv6,2001:504:3b:101::/64
1489,1489,IPv6,2001:504:65::/64
1490,1490,IPv4,206.71.9.0/25
1490,1490,IPv6,2001:504:79::/64
1508,1508,IPv4,196.223.0.0/24
1508,1508,IPv6,2001:43f8:270:d0d0::/64
1514,1514,IPv4,45.68.16.0/22
1514,1514,IPv6,2801:14:9000::/64
1516,1516,IPv4,193.151.115.0/24
1519,1519,IPv4,206.71.10.0/24
1519,1519,IPv6,2001:504:45:10::/64
1522,1522,IPv4,201.217.14.0/24
1522,1522,IPv6,2001:1320:cafe::/64
1533,1533,IPv4,85.112.122.0/23
1533,1533,IPv6,2a00:1b30:8888::/64
1561,1561,IPv4,198.32.172.0/24
1561,1561,IPv6,2001:478:172::/64
1574,1574,IPv4,196.60.0.0/24
1574,1574,IPv6,2001:43f8:0:200::/64
1577,1577,IPv4,103.74.224.0/24
1577,1577,IPv6,2001:ded:8000::/48
1577,1577,IPv6,2001:df6:6f80:1::/64
1582,1582,IPv4,62.89.200.0/23
1623,1623,IPv4,223.31.200.0/24
1623,1623,IPv6,2001:e48:44:100b::/64
1627,1627,IPv4,103.77.108.0/23
1627,1627,IPv6,2001:df2:1900:2::/64
1628,1628,IPv4,206.53.205.0/24
1628,1628,IPv6,2606:a980:0:9::/64
1634,1634,IPv4,170.246.67.0/24
1634,1634,IPv6,2803:dc40::/64
1658,1658,IPv4,198.32.231.128/25
1658,1658,IPv6,2404:2c00:ffff:f::/64
1660,1660,IPv4,200.107.255.0/24
1660,1660,IPv6,2803:b4c0::/64
1663,1663,IPv4,103.95.163.0/24
1663,1663,IPv6,2001:df1:b500::/64
1668,1668,IPv4,206.71.12.0/24
1668,1668,IPv6,2001:504:40:12::/64
1669,1669,IPv4,185.1.76.0/24
1669,1669,IPv6,2001:7f8:a7::/48
1670,1670,IPv4,185.1.89.0/24
1670,1670,IPv6,2001:7f8:b1::/64
1679,1679,IPv4,206.71.140.0/24
1679,1679,IPv6,2001:504:76::/48
1684,1684,IPv4,200.219.130.0/24
1684,1684,IPv6,2001:12f8:0:1::/64
1689,1689,IPv4,218.100.49.0/26
1689,1689,IPv6,2001:de8:1:4::/64
1690,1690,IPv4,218.100.49.128/26
1748,1748,IPv4,193.232.244.0/24
1748,1748,IPv6,2001:7f8:20:1101::/64
1754,1754,IPv4,185.1.44.0/24
1754,1754,IPv6,2001:7f8:22::/64
1764,1764,IPv4,138.204.250.0/24
1764,1764,IPv6,2001:13c7:6022::/64
1771,1771,IPv4,218.100.14.0/24
1771,1771,IPv6,2001:de8:a::/48
1772,1772,IPv4,218.100.10.0/24
1772,1772,IPv6,2001:7fa:6::/48
1773,1773,IPv4,218.100.60.0/24
1773,1773,IPv6,2001:de8:3::/48
1776,1776,IPv4,196.223.39.0/24
1776,1776,IPv6,2001:43f8:1160::/64
1785,1785,IPv4,103.77.110.0/24
1785,1785,IPv6,2001:df2:1900:4::/64
1786,1786,IPv4,45.120.251.0/24
1786,1786,IPv6,2001:df2:1900:3::/64
1790,1790,IPv4,206.126.244.0/26
1790,1790,IPv6,2001:504:35::/64
1798,1798,IPv4,138.204.251.0/24
1798,1798,IPv6,2001:13c7:601d::/64
1812,1812,IPv4,185.1.94.0/24
1812,1812,IPv6,2001:7f8:b6::/64
1816,1816,IPv4,185.1.108.0/24
1829,1829,IPv4,206.71.11.0/24
1829,1829,IPv6,2001:504:69:8000::/64
1833,1833,IPv4,190.52.206.0/24
1836,1836,IPv4,218.100.56.0/24
1836,1836,IPv6,2001:7fa:3:b0df::/64
1837,1837,IPv4,218.100.23.0/24
1837,1837,IPv6,2001:7fa:3:5f40::/64
1842,1842,IPv4,185.1.222.0/23
1842,1842,IPv6,2001:7f8:b7::/64
1847,1847,IPv4,187.16.205.0/24
1847,1847,IPv6,2001:12f8:0:28::/64
1861,1861,IPv4,144.48.89.0/24
1861,1861,IPv4,43.249.135.0/24
1862,1862,IPv4,144.48.88.0/24
1863,1863,IPv4,103.40.222.0/24
1868,1868,IPv4,185.1.82.0/24
1868,1868,IPv6,2001:7f8:ad::/64
1869,1869,IPv4,185.1.88.0/24
1869,1869,IPv6,2001:7f8:b0::/64
1870,1870,IPv4,196.216.150.0/25
1886,1886,IPv4,101.251.128.0/22
1896,1896,IPv4,179.0.200.0/24
1896,1896,IPv4,179.0.201.0/24
1896,1896,IPv6,2801:17:c000:201::/64
1915,1915,IPv4,45.71.9.0/24
1916,1916,IPv4,45.71.11.0/24
1917,1917,IPv4,45.71.10.0/24
1923,1923,IPv4,185.1.107.0/24
1923,1923,IPv6,2001:7f8:c1::/64
1925,1925,IPv4,185.1.106.0/24
1925,1925,IPv6,2001:7f8:c0::/64
1926,1926,IPv4,185.1.109.0/24
1926,1926,IPv6,2001:7f8:c3::/64
1927,1927,IPv4,185.1.101.0/24
1927,1927,IPv6,2001:7f8:bc::/64
1933,1933,IPv4,185.1.97.0/24
1933,1933,IPv6,2001:7f8:b9::/48
1958,1958,IPv4,185.1.99.0/24
1958,1958,IPv6,2001:7f8:ba::/48
1977,1977,IPv4,31.28.19.0/24
1977,1977,IPv6,2a00:13c0:3:1::/64
1978,1978,IPv4,31.28.18.0/24
1978,1978,IPv6,2a00:13c0:3:2::/64
1980,1980,IPv4,31.28.26.0/24
1980,1980,IPv6,2a00:13c0:3:4::/64
1981,1981,IPv4,31.28.16.0/24
1981,1981,IPv6,2a00:13c0:3:3::/64
1982,1982,IPv4,31.28.29.0/24
1982,1982,IPv6,2a00:13c0:3:9::/64
1983,1983,IPv4,187.16.193.0/24
1983,1983,IPv6,2001:12f8:0:16::/64
1984,1984,IPv4,185.1.93.0/24
1984,1984,IPv6,2001:7f8:b5::/48
1991,1991,IPv4,45.71.8.0/24
1991,1991,IPv6,2801:14:9000:29::/64
1997,1997,IPv4,185.1.104.0/24
1997,1997,IPv6,2001:7f8:be::/64
1998,1998,IPv4,185.1.102.0/24
1998,1998,IPv6,2001:7f8:bd::/64
1999,1999,IPv4,206.71.141.0/24
1999,1999,IPv6,2001:504:77::/64
2004,2004,IPv4,185.1.100.0/25
2004,2004,IPv6,2001:7f8:bb::/48
2005,2005,IPv4,77.241.206.0/24
2005,2005,IPv6,2001:1ab8:8486::/64
2013,2013,IPv4,185.1.105.0/24
2013,2013,IPv6,2001:7f8:bf:1::/64
2031,2031,IPv4,185.1.112.0/24
2031,2031,IPv6,2001:7f8:83::/64
2032,2032,IPv4,206.71.13.0/24
2032,2032,IPv6,2001:504:70::/64
2035,2035,IPv4,185.232.60.0/23
2035,2035,IPv6,2a0d:e180::/64
2036,2036,IPv4,206.71.142.0/24
2036,2036,IPv6,2620:3b:6000::/64
2039,2039,IPv4,138.204.254.0/24
2039,2039,IPv6,2801:168::/64
2040,2040,IPv4,138.204.253.0/24
2040,2040,IPv6,2001:13c7:601f::/64
2050,2050,IPv4,142.202.116.0/22
2050,2050,IPv4,23.156.192.0/24
2050,2050,IPv6,2604:8440::/32
2051,2051,IPv4,185.1.96.0/24
2051,2051,IPv6,2001:7f8:b8::/48
2062,2062,IPv4,103.105.218.0/24
2062,2062,IPv6,2001:de8:4000::/64
2066,2066,IPv4,201.131.204.0/26
2066,2066,IPv6,2806:239::/64
2070,2070,IPv4,206.71.137.0/24
2070,2070,IPv6,2001:504:37:30::/64
2078,2078,IPv4,200.219.138.0/24
2078,2078,IPv6,2001:12f8:0:29::/64
2084,2084,IPv4,185.1.166.0/23
2084,2084,IPv6,2001:7f8:f2:e1::/64
2086,2086,IPv4,45.227.0.0/24
2086,2086,IPv6,2001:12f8:0:30::/64
2088,2088,IPv4,206.80.234.0/24
2088,2088,IPv6,2001:504:90::/48
2093,2093,IPv4,138.204.255.0/24
2093,2093,IPv6,2801:168:1::/48
2102,2102,IPv4,103.116.194.0/24
2102,2102,IPv6,2001:df3:1300::/64
2116,2116,IPv4,192.35.145.0/24
2116,2116,IPv6,2604:8ac0::/32
2124,2124,IPv4,206.80.235.0/24
2130,2130,IPv4,185.1.22.0/24
2130,2130,IPv6,2001:7f8:c6::/64
2131,2131,IPv4,185.1.116.0/24
2131,2131,IPv6,2001:7f8:c7::/64
2145,2145,IPv4,185.1.110.0/24
2145,2145,IPv6,2001:7f8:3c:3e8::/64
2149,2149,IPv4,185.1.152.0/23
2149,2149,IPv6,2001:7f8:e6::/64
2163,2163,IPv4,206.80.238.0/24
2163,2163,IPv6,2001:504:91::/64
2167,2167,IPv4,45.120.249.0/24
2167,2167,IPv6,2001:df2:1900:5::/64
2176,2176,IPv4,186.10.203.0/24
2176,2176,IPv6,2800:300:1::/64
2182,2182,IPv4,198.32.114.0/24
2182,2182,IPv6,2001:504:0:8::/64
2183,2183,IPv4,198.32.135.0/24
2183,2183,IPv6,2001:504:0:9::/64
2186,2186,IPv4,206.81.105.0/24
2195,2195,IPv4,103.115.147.0/24
2195,2195,IPv6,2001:de8:c000::/64
2207,2207,IPv4,185.1.118.0/24
2208,2208,IPv4,196.60.48.0/24
2208,2208,IPv6,2001:43f8:0:300::/64
2210,2210,IPv4,103.154.8.0/24
2210,2210,IPv4,163.53.87.0/24
2210,2210,IPv6,2405:e100:3::/64
2239,2239,IPv4,185.1.133.0/24
2239,2239,IPv6,2001:7f8:d7::/64
2245,2245,IPv4,103.104.146.0/24
2250,2250,IPv4,195.12.116.0/23
2251,2251,IPv4,103.173.247.0/24
2251,2251,IPv6,2001:df5:b500:7::/64
2253,2253,IPv4,194.54.136.0/24
2253,2253,IPv6,2a0c:c9c0::/64
2254,2254,IPv4,185.1.72.0/24
2272,2272,IPv4,131.72.77.240/28
2272,2272,IPv6,2803:cd80:0:2::/64
2274,2274,IPv4,206.81.104.0/24
2274,2274,IPv6,2602:fed2:fff:ffff::/64
2276,2276,IPv4,185.1.121.0/24
2276,2276,IPv6,2001:7f8:cb:dcbb::/64
2279,2279,IPv4,103.119.235.0/24
2279,2279,IPv6,2403:4ac0:2::/64
2286,2286,IPv4,206.82.109.0/24
2286,2286,IPv6,2001:504:97::/64
2289,2289,IPv4,208.115.128.0/24
2289,2289,IPv6,2001:504:0:10::/64
2291,2291,IPv4,45.227.1.0/24
2291,2291,IPv6,2001:12f8:0:31::/64
2299,2299,IPv4,212.138.252.0/25
2299,2299,IPv4,45.94.12.0/23
2299,2299,IPv6,2001:1490:104::/64
2299,2299,IPv6,2001:1497::/64
2301,2301,IPv4,103.115.193.0/24
2301,2301,IPv6,2001:de9:4000::/64
2301,2301,IPv6,2001:de9:4000:ff00::/64
2317,2317,IPv4,206.71.143.0/24
2317,2317,IPv6,2001:504:78::/64
2318,2318,IPv4,206.71.139.0/24
2318,2318,IPv6,2001:504:75::/64
2319,2319,IPv4,206.71.138.0/24
2319,2319,IPv6,2001:504:74::/64
2320,2320,IPv4,196.223.20.0/24
2320,2320,IPv6,2001:43f8:7f0:1::/64
2325,2325,IPv4,185.230.223.224/27
2325,2325,IPv6,2a0c:2f07:ffff::/64
2332,2332,IPv4,103.82.247.0/24
2341,2341,IPv4,103.129.155.0/24
2341,2341,IPv6,2001:df6:7900::/64
2343,2343,IPv4,5.101.92.0/22
2343,2343,IPv6,2001:678:4fc:1::/64
2343,2343,IPv6,2001:678:4fc:2::/64
2343,2343,IPv6,2001:678:4fc:3::/64
2343,2343,IPv6,2001:678:4fc::/64
2345,2345,IPv4,103.104.19.0/24
2345,2345,IPv6,2401:fdc0::/64
2353,2353,IPv4,204.138.0.0/24
2353,2353,IPv6,2620:102:b000::/64
2355,2355,IPv4,103.129.62.0/26
2355,2355,IPv6,2001:dea:4000::/64
2362,2362,IPv4,196.60.68.0/24
2362,2362,IPv6,2001:43f8:c0:1::/64
2365,2365,IPv4,185.1.59.0/24
2365,2365,IPv6,2001:7f8:cc:333::/64
2368,2368,IPv4,201.182.128.0/24
2368,2368,IPv6,2801:168:2::/64
2381,2381,IPv4,196.60.58.0/24
2381,2381,IPv6,2001:43f8:11f0::/64
2386,2386,IPv4,185.1.123.0/24
2386,2386,IPv6,2001:7f8:ce::/48
2387,2387,IPv4,206.80.239.0/24
2387,2387,IPv6,2001:504:37:20::/64
2388,2388,IPv4,196.60.42.0/24
2388,2388,IPv6,2001:43f8:d11::/64
2402,2402,IPv4,46.22.50.0/24
2407,2407,IPv4,103.8.60.0/24
2410,2410,IPv4,196.60.54.0/24
2410,2410,IPv6,2001:43f8:11a0::/64
2414,2414,IPv4,196.216.150.128/25
2414,2414,IPv6,2001:43f8:bb1:150::/64
2415,2415,IPv4,196.216.151.0/24
2415,2415,IPv6,2001:43f8:bb1:151::/64
2447,2447,IPv4,185.1.125.0/24
2447,2447,IPv6,2001:7f8:d0::/64
2452,2452,IPv4,192.34.26.0/23
2452,2452,IPv4,192.34.27.0/24
2452,2452,IPv6,2602:ffb1:200::/48
2454,2454,IPv4,27.254.16.0/23
2454,2454,IPv6,2404:b0:13:a::/64
2457,2457,IPv4,185.54.252.0/24
2457,2457,IPv6,2a00:7160:5::/64
2467,2467,IPv4,103.127.88.0/23
2467,2467,IPv6,2001:df7:6500:1::/64
2476,2476,IPv4,119.11.184.0/23
2476,2476,IPv6,2404:c8:0:a::/64
2486,2486,IPv4,206.82.108.0/24
2486,2486,IPv6,2001:504:94::/64
2494,2494,IPv4,27.254.18.0/23
2494,2494,IPv6,2404:b0:13:b::/64
2495,2495,IPv4,27.254.196.0/23
2495,2495,IPv6,2404:b0:13:c::/64
2496,2496,IPv4,185.1.127.0/24
2496,2496,IPv6,2001:7f8:d2::/64
2497,2497,IPv4,185.79.213.0/24
2497,2497,IPv6,2a01:7640:9400::/64
2501,2501,IPv4,185.1.128.0/24
2501,2501,IPv6,2001:7f8:d3::/64
2511,2511,IPv4,185.1.144.0/24
2511,2511,IPv6,2001:7f8:df::/64
2516,2516,IPv4,103.151.196.0/23
2516,2516,IPv6,2001:df3:d680::/64
2520,2520,IPv4,196.60.61.0/24
2522,2522,IPv4,203.255.114.0/23
2522,2522,IPv6,2001:3a8:7000::/64
2531,2531,IPv4,185.1.131.0/24
2531,2531,IPv6,2001:7f8:d5::/64
2537,2537,IPv4,185.1.124.0/24
2537,2537,IPv6,2001:7f8:cf::/64
2541,2541,IPv4,196.49.38.128/25
2551,2551,IPv4,206.83.11.0/24
2551,2551,IPv6,2001:504:17:11::/64
2552,2552,IPv4,154.73.42.0/24
2553,2553,IPv4,185.1.134.0/24
2553,2553,IPv6,2001:7f8:d8::/48
2554,2554,IPv4,196.49.38.0/25
2558,2558,IPv4,206.51.30.0/24
2558,2558,IPv6,2001:504:1:9::/64
2563,2563,IPv4,103.136.100.0/25
2563,2563,IPv6,2001:df0:680::/64
2564,2564,IPv4,206.81.109.0/24
2564,2564,IPv6,2001:504:92::/64
2568,2568,IPv4,185.1.64.0/24
2568,2568,IPv6,2001:7f8:5::/48
2569,2569,IPv4,185.1.122.0/24
2569,2569,IPv6,2001:7f8:cd::/48
2571,2571,IPv4,185.1.135.0/24
2571,2571,IPv6,2001:7f8:d9:5b::/64
2572,2572,IPv4,206.83.10.0/24
2572,2572,IPv6,2001:504:17:10::/64
2584,2584,IPv4,206.82.110.0/23
2584,2584,IPv6,2001:504:96::/64
2585,2585,IPv4,206.83.12.0/24
2585,2585,IPv6,2001:504:98::/64
2587,2587,IPv4,103.27.168.0/24
2587,2587,IPv6,2400:d180:67::/64
2588,2588,IPv4,103.228.174.0/24
2588,2588,IPv6,2400:d180:68::/64
2589,2589,IPv4,103.228.172.0/24
2589,2589,IPv6,2400:d180:69::/64
2601,2601,IPv4,185.1.138.0/24
2601,2601,IPv6,2a0c:b641:700::/64
2602,2602,IPv4,103.136.100.128/25
2602,2602,IPv6,2001:df0:680:1::/64
2611,2611,IPv4,193.201.116.0/24
2611,2611,IPv6,2001:67c:5e8:ff::/64
2612,2612,IPv4,206.83.14.0/24
2612,2612,IPv6,2001:504:99::/64
2617,2617,IPv4,196.60.44.0/24
2617,2617,IPv6,2001:43f8:310::/64
2622,2622,IPv4,218.100.33.0/24
2622,2622,IPv6,2001:df3:4600:7597::/64
2624,2624,IPv4,196.60.50.0/24
2624,2624,IPv6,2001:43f8:0:400::/64
2627,2627,IPv4,101.97.43.0/24
2627,2627,IPv6,2001:de8:6:2::/64
2628,2628,IPv4,185.1.126.0/24
2628,2628,IPv6,2001:7f8:d1::/64
2631,2631,IPv4,77.69.248.0/24
2631,2631,IPv6,2001:1a40:10::/64
2633,2633,IPv4,185.1.143.0/24
2633,2633,IPv6,2001:7f8:de::/64
2641,2641,IPv4,185.236.243.0/24
2641,2641,IPv6,2a0d:eb02:4242:4242::/64
2658,2658,IPv4,103.136.101.0/25
2658,2658,IPv6,2001:df0:680:2::/64
2663,2663,IPv4,185.1.79.0/24
2663,2663,IPv6,2001:7f8:aa::/116
2665,2665,IPv4,196.60.46.0/24
2670,2670,IPv4,27.124.87.0/24
2670,2670,IPv6,2402:d680:1000:4::/64
2672,2672,IPv4,206.83.44.0/24
2672,2672,IPv6,2602:ffa9::e:12:0/116
2675,2675,IPv4,185.1.137.0/24
2675,2675,IPv6,2001:7f8:db::/64
2677,2677,IPv4,185.1.142.0/24
2677,2677,IPv6,2001:7f8:dd::/64
2680,2680,IPv4,45.183.47.0/24
2680,2680,IPv6,2803:cd60:6411:5::/64
2682,2682,IPv4,196.223.34.0/24
2685,2685,IPv4,103.140.210.0/24
2685,2685,IPv6,2001:de8:7:1::/64
2693,2693,IPv4,45.186.143.0/24
2693,2693,IPv6,2801:80:37a0::/64
2700,2700,IPv6,2001:7f8:d0:4649::/64
2700,2700,IPv6,2a0c:3b80:4040:4649::/64
2704,2704,IPv6,2001:7f8:d0:4742::/64
2704,2704,IPv6,2a0c:3b80:4040:4742::/64
2705,2705,IPv6,2001:7f8:d0:4e4c::/64
2706,2706,IPv6,2a0c:3b80:4040:4445::/64
2713,2713,IPv4,196.60.74.0/24
2715,2715,IPv4,103.229.35.0/24
2715,2715,IPv6,2001:dea:c000::/112
2718,2718,IPv4,103.136.102.0/24
2718,2718,IPv6,2001:df0:680:3::/64
2722,2722,IPv4,196.49.68.0/23
2722,2722,IPv4,196.60.64.0/24
2726,2726,IPv4,185.1.149.0/24
2728,2728,IPv6,2001:7f8:d0:4652::/64
2728,2728,IPv6,2001:7f8:d0:4c49::/64
2728,2728,IPv6,2a0c:3b80:4040:4652::/64
2729,2729,IPv4,196.223.47.0/24
2729,2729,IPv6,2001:43f8:b60::/64
2730,2730,IPv4,185.1.155.0/24
2730,2730,IPv6,2a0c:b641:701::/64
2732,2732,IPv4,185.1.150.0/24
2732,2732,IPv6,2001:7f8:e4::/64
2737,2737,IPv4,103.225.171.0/24
2737,2737,IPv4,103.225.172.0/24
2737,2737,IPv4,103.225.173.0/24
2737,2737,IPv4,218.100.74.128/25
2737,2737,IPv6,2400:9c80:0:171::/64
2737,2737,IPv6,2400:9c80:0:173::/64
2737,2737,IPv6,2400:9c80:0:31::/64
2741,2741,IPv4,206.83.43.0/24
2741,2741,IPv6,2001:504:9b::/64
2746,2746,IPv6,2001:7f8:d0:5553::/64
2746,2746,IPv6,2a0c:3b80:4040:5553::/64
2753,2753,IPv4,185.1.216.0/24
2753,2753,IPv6,2001:7f8:d9:ffff::/64
2756,2756,IPv4,103.136.103.0/24
2756,2756,IPv6,2001:df0:680:4::/64
2761,2761,IPv4,202.77.88.0/23
2761,2761,IPv6,2001:df0:680:5::/64
2762,2762,IPv4,202.77.90.0/23
2762,2762,IPv6,2001:df0:680:6::/64
2766,2766,IPv4,218.100.31.0/24
2766,2766,IPv6,2001:df7:3400::/64
2767,2767,IPv4,103.110.223.0/24
2774,2774,IPv6,2a0c:3b80:4040:4155::/64
2775,2775,IPv4,103.146.134.0/24
2775,2775,IPv4,198.32.168.0/24
2775,2775,IPv6,2001:df2:6080:e::/64
2776,2776,IPv4,206.83.46.0/24
2776,2776,IPv6,2001:504:9c::/64
2783,2783,IPv4,206.83.8.192/27
2783,2783,IPv6,2602:fed2:ff1::/64
2784,2784,IPv4,200.135.14.128/26
2785,2785,IPv4,185.1.157.0/24
2785,2785,IPv6,2001:7f8:e9::/64
2786,2786,IPv4,103.125.54.0/23
2786,2786,IPv6,2001:df7:2300:100::/64
2787,2787,IPv4,185.1.158.0/24
2787,2787,IPv6,2001:7f8:ea::/64
2797,2797,IPv4,103.94.93.0/24
2797,2797,IPv6,2001:dee:8000:2::/64
2798,2798,IPv6,2a0c:3b80:4040:4341::/64
2799,2799,IPv4,92.119.248.0/22
2799,2799,IPv6,2a09:c040::/116
2801,2801,IPv4,195.35.120.0/24
2802,2802,IPv4,202.57.208.0/24
2802,2802,IPv6,2001:deb:4000::/64
2804,2804,IPv4,185.1.176.0/24
2804,2804,IPv6,2001:7f8:f9::/64
2812,2812,IPv4,218.100.49.192/26
2815,2815,IPv4,196.60.66.0/24
2815,2815,IPv6,2001:7f8:b6:2::/64
2819,2819,IPv4,185.1.159.0/24
2819,2819,IPv6,2001:7f8:ed::/64
2822,2822,IPv4,45.227.3.0/24
2822,2822,IPv6,2001:12f8:0:33::/64
2830,2830,IPv4,74.200.144.0/24
2830,2830,IPv6,2607:f928:144::/64
2835,2835,IPv4,206.83.136.0/24
2835,2835,IPv6,2001:504:9e::/64
2836,2836,IPv4,185.239.152.0/22
2836,2836,IPv4,188.190.96.0/22
2836,2836,IPv4,194.62.108.0/22
2845,2845,IPv4,195.245.240.0/24
2845,2845,IPv6,2001:7f8:d:fc::/64
2846,2846,IPv4,194.68.128.0/24
2846,2846,IPv6,2001:7f8:d:fe::/64
2847,2847,IPv4,195.69.119.0/24
2847,2847,IPv6,2001:7f8:d:fb::/64
2848,2848,IPv4,194.50.100.0/24
2848,2848,IPv6,2001:7f8:14:5ec::/64
2849,2849,IPv4,193.136.251.0/26
2849,2849,IPv6,2001:7f8:a:2::/64
2853,2853,IPv6,2001:7f8:7:1::/64
2861,2861,IPv4,196.223.15.0/24
2861,2861,IPv6,2001:43f8:1f0:1::/64
2865,2865,IPv4,195.69.116.0/24
2865,2865,IPv6,2001:7f8:d:101::/64
2868,2868,IPv4,212.237.192.0/24
2868,2868,IPv6,2001:7f8:d:202::/64
2869,2869,IPv4,194.68.135.0/24
2869,2869,IPv6,2001:7f8:d:301::/64
2899,2899,IPv4,196.223.23.0/24
2899,2899,IPv6,2001:43f8:1f1:1::/64
2904,2904,IPv6,2001:7f8:7:2::/64
2915,2915,IPv4,194.107.117.0/24
2915,2915,IPv6,2001:7f8:6c:3::/64
2916,2916,IPv4,185.1.84.0/25
2916,2916,IPv6,2001:7f8:6c:2::/64
2917,2917,IPv4,185.1.85.0/24
2917,2917,IPv6,2001:7f8:6c:1::/64
2918,2918,IPv4,185.1.84.128/25
2918,2918,IPv6,2001:7f8:6c:4::/64
2955,2955,IPv4,185.1.71.192/26
2955,2955,IPv6,2001:7f8:a2:4000::/50
2956,2956,IPv6,2001:7f8:a2:8000::/50
2957,2957,IPv4,185.1.71.128/26
2963,2963,IPv6,2001:7f8:7::/64
3017,3017,IPv4,185.1.160.0/23
3017,3017,IPv6,2001:7f8:eb::/64
3018,3018,IPv4,37.9.49.0/24
3019,3019,IPv4,193.27.39.0/24
3069,3069,IPv4,44.190.42.0/24
3069,3069,IPv6,2602:801:30ff::/64
3072,3072,IPv4,185.1.162.0/24
3076,3076,IPv4,45.135.151.96/27
3076,3076,IPv6,2a06:e881:6703:1::/64
3079,3079,IPv4,103.135.91.0/24
3081,3081,IPv4,206.83.138.0/24
3081,3081,IPv6,2001:504:9d::/64
3085,3085,IPv4,103.147.194.0/23
3087,3087,IPv4,218.100.30.0/24
3090,3090,IPv4,206.83.139.0/24
3090,3090,IPv6,2001:504:9f::/64
3091,3091,IPv4,138.122.245.0/24
3093,3093,IPv6,2402:e380:142:1::/64
3096,3096,IPv4,45.227.2.0/24
3096,3096,IPv6,2001:12f8:0:32::/64
3097,3097,IPv4,196.60.52.0/24
3097,3097,IPv6,2001:43f8:0:500::/64
3098,3098,IPv4,185.1.136.0/24
3098,3098,IPv6,2001:7f8:da::/64
3105,3105,IPv4,206.83.143.0/24
3105,3105,IPv6,2602:ffa9::e:13:0/116
3106,3106,IPv4,206.83.140.0/24
3106,3106,IPv6,2602:ffa9::e:14:0/116
3117,3117,IPv4,154.70.201.0/24
3118,3118,IPv4,185.1.154.0/24
3118,3118,IPv6,2001:7f8:d9:5a::/64
3122,3122,IPv4,185.1.164.0/24
3122,3122,IPv6,2001:7f8:f0::/64
3148,3148,IPv4,69.88.2.0/24
3148,3148,IPv4,69.88.9.0/24
3149,3149,IPv4,185.1.90.0/24
3156,3156,IPv4,167.179.252.0/23
3156,3156,IPv6,2404:4a00:6501::/64
3157,3157,IPv4,185.1.174.0/24
3157,3157,IPv6,2001:7f8:f7::/64
3159,3159,IPv4,185.1.26.0/24
3159,3159,IPv6,2001:7f8:88::/64
3160,3160,IPv4,149.112.1.0/24
3160,3160,IPv6,2001:506:21:100::/64
3166,3166,IPv6,2406:840:1f:1::/64
3168,3168,IPv4,185.153.160.0/22
3168,3168,IPv6,2a07:8780:6e::/64
3169,3169,IPv4,185.1.179.0/24
3169,3169,IPv6,2001:7f8:fc:3f::/64
3170,3170,IPv4,103.142.206.0/23
3170,3170,IPv6,2403:eec0:1:1::/64
3171,3171,IPv4,201.182.131.0/24
3171,3171,IPv6,2801:168:4::/64
3174,3174,IPv4,201.182.132.0/24
3175,3175,IPv6,2406:840:eb8f:1::/64
3179,3179,IPv4,149.112.3.0/24
3179,3179,IPv6,2001:504:14::/64
3182,3182,IPv4,45.68.5.0/24
3182,3182,IPv6,2801:12:e800:5::/64
3184,3184,IPv4,185.1.172.0/24
3184,3184,IPv6,2001:7f8:f5::/64
3185,3185,IPv4,101.203.74.0/24
3185,3185,IPv6,2403:c780:7200:b074::/64
3186,3186,IPv4,101.203.73.0/24
3186,3186,IPv6,2403:c780:7200:b073::/64
3187,3187,IPv4,101.203.75.0/24
3187,3187,IPv6,2403:c780:7200:b075::/64
3188,3188,IPv4,101.203.72.0/24
3188,3188,IPv6,2403:c780:7200:b072::/64
3189,3189,IPv4,101.203.76.0/24
3189,3189,IPv6,2403:c780:7200:b076::/64
3190,3190,IPv4,101.203.78.0/24
3190,3190,IPv6,2403:c780:7200:b078::/64
3191,3191,IPv4,101.203.77.0/24
3191,3191,IPv6,2403:c780:7200:b077::/64
3192,3192,IPv4,185.1.178.0/24
3192,3192,IPv6,2001:7f8:fb::/64
3195,3195,IPv4,149.112.4.0/24
3195,3195,IPv6,2001:504:100::/64
3203,3203,IPv6,2407:c280:aaaa:2000::/64
3204,3204,IPv6,2407:c280:aaaa:3000::/64
3205,3205,IPv6,2407:c280:aaaa:4000::/64
3206,3206,IPv6,2407:c280:aaaa:6000::/64
3207,3207,IPv6,2407:c280:aaaa:2600::/64
3208,3208,IPv6,2407:c280:aaaa:5000::/64
3209,3209,IPv6,2407:c280:aaaa:7000::/64
3211,3211,IPv4,185.1.180.0/24
3211,3211,IPv6,2001:7f8:fd::/64
3212,3212,IPv4,142.215.8.0/22
3212,3212,IPv6,2001:504:0:a::/64
3224,3224,IPv4,206.71.15.0/24
3224,3224,IPv6,2001:504:93::/64
3226,3226,IPv6,2a0e:b107:b7a::/64
3230,3230,IPv4,45.169.161.112/28
3230,3230,IPv4,45.188.206.240/28
3230,3230,IPv4,45.188.207.240/28
3230,3230,IPv6,2804:5984:8700::/64
3230,3230,IPv6,2804:5984:bf00:10::/64
3232,3232,IPv6,2602:feda:afe::/64
3233,3233,IPv6,2a0e:b107:5c3:a::/64
3237,3237,IPv6,2a0e:b107:b7b::/64
3238,3238,IPv4,45.185.43.0/24
3238,3238,IPv6,2801:1c:4800:1::/64
3246,3246,IPv6,2406:840:1f:1000::/64
3247,3247,IPv4,149.112.6.0/24
3261,3261,IPv4,201.131.206.0/24
3261,3261,IPv6,2806:239:206::/64
3262,3262,IPv4,201.131.207.0/24
3264,3264,IPv4,149.112.7.0/24
3266,3266,IPv4,201.149.98.0/24
3266,3266,IPv6,2001:504:0:11::/64
3278,3278,IPv4,185.1.168.0/24
3278,3278,IPv6,2001:7f8:f3::/64
3280,3280,IPv4,185.1.189.0/24
3280,3280,IPv6,2001:7f8:103::/64
3283,3283,IPv4,185.1.29.0/24
3283,3283,IPv6,2001:7f8:8a::/64
3285,3285,IPv6,2a0e:aa07:e019::/64
3286,3286,IPv4,149.202.236.64/27
3286,3286,IPv4,164.132.186.192/26
3286,3286,IPv6,2001:7f8:d9:5d::/64
3288,3288,IPv4,185.1.190.0/24
3288,3288,IPv4,5.22.252.192/27
3288,3288,IPv6,2001:7f8:104::/64
3290,3290,IPv4,185.1.186.0/24
3290,3290,IPv6,2001:7f8:101:7::/64
3299,3299,IPv4,193.27.37.0/24
3302,3302,IPv4,104.167.214.96/27
3302,3302,IPv6,2a0e:46c4:102::/64
3312,3312,IPv4,196.61.191.0/24
3312,3312,IPv6,2a03:9d41:7::/64
3321,3321,IPv4,103.162.76.0/24
3321,3321,IPv6,2001:df5:e880::/64
3322,3322,IPv4,206.83.42.0/24
3322,3322,IPv6,2001:504:9a::/64
3329,3329,IPv4,103.249.64.0/24
3333,3333,IPv4,45.68.0.0/24
3333,3333,IPv6,2801:11:a800:1::/64
3335,3335,IPv4,185.1.191.0/24
3335,3335,IPv6,2001:7f8:105::/64
3337,3337,IPv4,218.100.62.0/25
3337,3337,IPv6,2001:de8:12:380::/64
3338,3338,IPv4,218.100.62.128/25
3339,3339,IPv4,218.100.63.0/25
3340,3340,IPv4,218.100.64.128/25
3340,3340,IPv6,2001:de8:11:3806::/64
3341,3341,IPv4,218.100.64.0/25
3342,3342,IPv4,45.184.132.0/24
3343,3343,IPv4,149.112.10.0/24
3348,3348,IPv4,210.173.188.0/25
3348,3348,IPv6,2001:7fa:7:4::/64
3352,3352,IPv4,103.158.187.0/24
3352,3352,IPv6,2a0f:5707:ffe3::/64
3365,3365,IPv4,27.124.88.0/24
3365,3365,IPv6,2405:aac0:212::/64
3366,3366,IPv4,84.252.106.0/24
3366,3366,IPv6,2a10:1100::/64
3373,3373,IPv4,185.1.195.0/24
3373,3373,IPv6,2001:7f8:34::/64
3378,3378,IPv4,149.112.11.0/24
3378,3378,IPv6,2001:504:102::/64
3379,3379,IPv4,103.121.80.0/24
3384,3384,IPv4,185.1.169.0/24
3384,3384,IPv6,2001:7f8:f4::/64
3387,3387,IPv4,202.145.15.0/24
3387,3387,IPv6,2402:69c0:77::/64
3393,3393,IPv4,104.167.214.128/28
3393,3393,IPv6,2a0e:b107:f21::/64
3399,3399,IPv4,136.175.224.0/24
3399,3399,IPv6,2602:fcf6:f9::/64
3400,3400,IPv6,2a0a:6040:d9::/64
3401,3401,IPv4,196.60.76.0/24
3401,3401,IPv6,2001:43f8:b60:1::/64
3403,3403,IPv4,196.46.25.128/25
3405,3405,IPv4,185.1.197.0/24
3405,3405,IPv6,2001:7f8:106::/64
3407,3407,IPv4,23.154.112.0/26
3407,3407,IPv6,2602:802:b0ff::/64
3408,3408,IPv6,2a0a:6040:d1::/64
3408,3408,IPv6,2a0a:6040:e9::/64
3409,3409,IPv6,2a0a:6040:d4::/64
3409,3409,IPv6,2a0a:6040:e4::/64
3410,3410,IPv6,2a0a:6040:d2::/64
3410,3410,IPv6,2a0a:6040:e1::/64
3411,3411,IPv6,2a0a:6040:d3::/64
3411,3411,IPv6,2a0a:6040:e2::/64
3412,3412,IPv6,2a0a:6040:d5::/64
3412,3412,IPv6,2a0a:6040:e5::/64
3413,3413,IPv6,2a0a:6040:d6::/64
3413,3413,IPv6,2a0a:6040:e3::/64
3414,3414,IPv6,2a0a:6040:d0::/64
3414,3414,IPv6,2a0a:6040:e0::/64
3416,3416,IPv4,146.185.252.0/24
3416,3416,IPv6,2001:7f8:109::/64
3417,3417,IPv4,103.106.5.192/26
3418,3418,IPv4,45.183.46.0/24
3418,3418,IPv6,2803:cd60:6412:8::/64
3422,3422,IPv4,185.1.198.0/24
3422,3422,IPv6,2001:7f8:107::/64
3424,3424,IPv6,2405:84c0:ff59:2222::/64
3428,3428,IPv4,116.206.112.0/23
3428,3428,IPv6,2405:4000:3000:1::/64
3430,3430,IPv4,104.167.214.144/28
3430,3430,IPv6,2a0e:b107:f22::/64
3431,3431,IPv4,103.159.71.0/24
3431,3431,IPv6,2001:df5:7880::/64
3436,3436,IPv4,185.1.177.0/24
3436,3436,IPv6,2001:7f8:fa::/64
3440,3440,IPv4,103.162.82.0/24
3440,3440,IPv6,2001:df6:1a80::/64
3445,3445,IPv4,206.80.232.0/24
3445,3445,IPv6,2001:504:67::/64
3446,3446,IPv4,185.1.119.0/24
3446,3446,IPv6,2001:7f8:10a::/64
3447,3447,IPv6,2a0e:aa07:e019:1::/64
3448,3448,IPv4,185.1.200.0/26
3448,3448,IPv6,2001:7f8:10c:1::/64
3449,3449,IPv4,45.164.108.0/22
3449,3449,IPv6,2806:30c:2021:110::/64
3450,3450,IPv4,103.158.214.0/24
3463,3463,IPv4,103.147.193.0/24
3464,3464,IPv6,2a0e:b107:b7d::/64
3465,3465,IPv4,185.1.202.0/24
3465,3465,IPv6,2001:7f8:10e::/64
3466,3466,IPv4,149.112.0.0/24
3466,3466,IPv6,2001:504:104::/64
3467,3467,IPv4,103.164.91.0/24
3467,3467,IPv6,2001:df6:4480::/64
3471,3471,IPv4,103.152.35.0/24
3471,3471,IPv6,2406:4440::/64
3472,3472,IPv4,103.162.254.0/24
3472,3472,IPv6,2001:df6:480::/64
3473,3473,IPv4,103.119.234.0/24
3473,3473,IPv6,2403:4ac0:1::/64
3474,3474,IPv4,103.119.232.0/23
3474,3474,IPv6,2403:4ac0::/64
3475,3475,IPv4,185.1.204.0/24
3476,3476,IPv4,64.4.197.0/24
3477,3477,IPv4,212.81.56.0/24
3477,3477,IPv6,2a10:fa80:56::/64
3478,3478,IPv6,2407:c280:ee::/64
3480,3480,IPv4,103.110.212.0/22
3487,3487,IPv4,185.209.89.0/24
3495,3495,IPv4,103.122.64.32/27
3496,3496,IPv4,149.112.18.0/24
3496,3496,IPv6,2001:504:109::/64
3512,3512,IPv4,185.1.203.0/24
3512,3512,IPv6,2001:7f8:10f::/64
3513,3513,IPv6,2a0e:97c0:341::/64
3516,3516,IPv4,196.60.2.0/24
3516,3516,IPv6,2001:43f8:c0:2::/64
3523,3523,IPv4,45.68.8.0/22
3528,3528,IPv4,185.1.206.0/24
3528,3528,IPv6,2001:7f8:112::/64
3530,3530,IPv4,149.112.20.0/24
3530,3530,IPv6,2001:504:111::/64
3532,3532,IPv4,202.87.190.0/23
3534,3534,IPv4,185.1.77.0/24
3540,3540,IPv6,2a0a:6040:ee::/64
3541,3541,IPv4,185.1.207.0/24
3541,3541,IPv6,2001:7f8:113::/64
3543,3543,IPv6,2406:840:e240:1::/64
3548,3548,IPv4,137.59.55.0/24
3553,3553,IPv4,170.82.112.0/22
3557,3557,IPv4,138.185.12.0/24
3557,3557,IPv6,2803:cd60:6413:2::/64
3558,3558,IPv4,116.89.244.0/24
3558,3558,IPv6,2401:fdc0:0:1::/64
3560,3560,IPv4,149.112.17.0/24
3560,3560,IPv6,2001:504:110::/64
3561,3561,IPv4,196.60.84.0/24
3561,3561,IPv6,2001:43fd:c000:d0a1::/64
3562,3562,IPv4,185.1.213.0/24
3562,3562,IPv6,2001:7f8:115::/64
3565,3565,IPv4,196.60.80.0/24
3568,3568,IPv4,103.94.95.0/24
3568,3568,IPv6,2001:dee:8000:3::/64
3570,3570,IPv4,185.1.205.0/24
3570,3570,IPv6,2001:7f8:111:42::/64
3572,3572,IPv4,185.1.201.0/24
3572,3572,IPv6,2001:7f8:10d::/64
3573,3573,IPv4,149.112.24.0/24
3573,3573,IPv6,2001:504:114::/64
3574,3574,IPv6,2406:840:e08f:10::/64
3582,3582,IPv4,218.100.35.0/24
3589,3589,IPv4,45.114.22.0/24
3594,3594,IPv4,195.191.170.0/23
3594,3594,IPv6,2a10:f780::/64
3603,3603,IPv6,2406:840:1f:10::/64
3607,3607,IPv4,185.1.215.0/24
3607,3607,IPv6,2001:7f8:117::/64
3612,3612,IPv6,2804:a08:145:216::/64
3616,3616,IPv4,200.219.146.0/24
3616,3616,IPv6,2001:12f8:0:36::/64
3626,3626,IPv4,168.243.16.0/24
3626,3626,IPv6,2800:90:16::/64
3633,3633,IPv4,196.49.76.0/23
3633,3633,IPv4,196.60.78.0/24
3634,3634,IPv4,149.112.26.0/24
3634,3634,IPv6,2a0f:607:1070::/64
3646,3646,IPv4,181.225.41.0/28
3650,3650,IPv4,149.112.22.0/24
3650,3650,IPv6,2001:504:112::/116
3654,3654,IPv4,103.154.40.0/23
3654,3654,IPv4,103.164.64.0/23
3654,3654,IPv6,2406:5340::/64
3655,3655,IPv4,46.47.0.0/19
3659,3659,IPv4,185.1.221.0/24
3659,3659,IPv6,2001:7f8:11d::/64
3671,3671,IPv4,36.91.197.0/26
3674,3674,IPv4,185.1.224.0/24
3674,3674,IPv6,2001:7f8:11e::/64
3675,3675,IPv4,103.171.204.0/24
3680,3680,IPv4,187.16.207.0/24
3680,3680,IPv6,2001:12f8:0:34::/64
3681,3681,IPv4,185.1.225.0/24
3681,3681,IPv6,2001:7f8:11f:1::/64
3681,3681,IPv6,2001:7f8:11f:7::/64
3682,3682,IPv4,103.243.54.0/24
3685,3685,IPv4,149.112.29.0/24
3685,3685,IPv6,2602:fba1:9ff::/64
3696,3696,IPv6,2001:df5:e880:1::/64
3697,3697,IPv4,103.162.177.0/25
3702,3702,IPv4,193.110.12.0/24
3702,3702,IPv6,2001:7f8:21:10::/64
3708,3708,IPv4,103.69.47.0/24
3709,3709,IPv4,185.1.234.0/24
3709,3709,IPv6,2001:7f8:124::/64
3712,3712,IPv4,185.1.230.0/25
3712,3712,IPv6,2001:7f8:122::/64
3713,3713,IPv4,185.1.230.128/25
3713,3713,IPv6,2001:7f8:122:8000::/64
3717,3717,IPv4,45.189.190.0/24
3720,3720,IPv4,103.23.55.0/24
3720,3720,IPv6,2401:c00:1:4::/64
3721,3721,IPv4,103.177.65.0/25
3721,3721,IPv6,2001:de8:8:9::/64
3722,3722,IPv4,101.203.104.0/24
3722,3722,IPv6,2001:de8:c:4::/64
3726,3726,IPv4,103.162.176.128/25
3726,3726,IPv6,2001:df5:e880:3::/64
3727,3727,IPv6,2001:df5:e880:4::/64
3728,3728,IPv6,2001:df5:e880:5::/64
3729,3729,IPv6,2001:df5:e880:6::/64
3730,3730,IPv4,185.1.231.0/24
3731,3731,IPv6,2001:df5:e880:7::/64
3732,3732,IPv4,185.1.232.0/24
3732,3732,IPv6,2001:7f8:123::/64
3733,3733,IPv4,103.168.98.0/23
3733,3733,IPv6,2407:8f40::/64
3734,3734,IPv4,196.60.14.0/24
3734,3734,IPv6,2001:7f8:b6:6::/64
3735,3735,IPv4,117.58.222.0/24
3735,3735,IPv6,2001:4450:ff0:7707::/64
3737,3737,IPv4,193.27.38.0/24
3739,3739,IPv4,31.44.186.0/23
3743,3743,IPv4,100.128.0.0/24
3745,3745,IPv4,185.1.233.0/24
3745,3745,IPv6,2001:7f8:117:1::/64
3750,3750,IPv4,185.1.236.0/24
3750,3750,IPv6,2001:7f8:126::/64
3751,3751,IPv4,185.1.235.0/24
3751,3751,IPv6,2001:7f8:125:777::/64
3756,3756,IPv4,185.1.147.0/24
3756,3756,IPv6,2001:7f8:ca:1::/64
3761,3761,IPv4,149.112.14.0/24
3761,3761,IPv6,2001:504:106::/64
3768,3768,IPv6,2001:df5:e880:10::/64
3769,3769,IPv4,174.136.236.0/24
3769,3769,IPv6,2602:fc1d:100::/64
3774,3774,IPv4,1.7.246.0/24
3774,3774,IPv6,2001:e48:33:1007::/64
3775,3775,IPv4,149.112.27.0/24
3775,3775,IPv6,2001:504:116::/64
3777,3777,IPv4,185.1.238.0/24
3777,3777,IPv6,2001:7f8:128::/64
3782,3782,IPv4,185.1.218.0/24
3782,3782,IPv6,2001:7f8:11b::/64
3788,3788,IPv6,2801:168:6::/64
